latitude,longitude,bright_ti4,scan,track,acq_date,acq_time,satellite,confidence,version,bright_ti5,frp,daynight
36.62579,101.62735,334.79,0.45,0.39,2026-08-31,0557,N21,nominal,2.0NRT,303.75,6.06,D
36.79141,101.74784,337.38,0.45,0.39,2026-08-31,0557,N21,nominal,2.0NRT,304.21,4.79,D
27.71302,68.48718,340.49,0.61,0.71,2026-08-31,0737,N21,nominal,2.0NRT,295.57,8.86,D
29.72424,72.49563,335.37,0.64,0.54,2026-08-31,0737,N21,nominal,2.0NRT,299.46,6.23,D
29.83538,72.73585,333.11,0.61,0.54,2026-08-31,0737,N21,nominal,2.0NRT,297.33,8.11,D
29.83337,72.73394,339.7,0.61,0.54,2026-08-31,0737,N21,nominal,2.0NRT,297.71,8.63,D
29.95839,69.32169,367,0.48,0.65,2026-08-31,0737,N21,high,2.0NRT,308.63,8.59,D
31.52207,72.39377,340.09,0.59,0.53,2026-08-31,0737,N21,nominal,2.0NRT,293.93,10.29,D
31.52356,72.39872,339.9,0.59,0.53,2026-08-31,0737,N21,nominal,2.0NRT,293.88,9.95,D
31.52217,72.39277,331.99,0.59,0.53,2026-08-31,0737,N21,nominal,2.0NRT,293.62,9.95,D
37.30502,78.87849,367,0.39,0.36,2026-08-31,0739,N21,high,2.0NRT,313.86,15.77,D
37.31399,78.84939,367,0.39,0.36,2026-08-31,0739,N21,high,2.0NRT,314.49,13.75,D
37.475,79.74489,347.69,0.38,0.36,2026-08-31,0739,N21,nominal,2.0NRT,318.62,5.17,D
37.47826,79.7441,350.47,0.38,0.36,2026-08-31,0739,N21,nominal,2.0NRT,319.25,5.66,D
38.04887,67.26337,367,0.39,0.59,2026-08-31,0739,N21,high,2.0NRT,321.7,15.59,D
38.62393,67.99313,336.14,0.35,0.56,2026-08-31,0739,N21,nominal,2.0NRT,301.61,4.66,D
37.11576,62.35703,333.03,0.75,0.77,2026-08-31,0739,N21,low,2.0NRT,303.06,7.13,D
37.11747,62.36304,341.9,0.75,0.77,2026-08-31,0739,N21,nominal,2.0NRT,304.38,14.03,D
6.35075,81.24818,338.17,0.48,0.48,2026-08-31,0731,N21,nominal,2.0NRT,296.71,4.27,D
6.79038,81.44179,330.68,0.46,0.47,2026-08-31,0731,N21,nominal,2.0NRT,299.56,7.17,D
6.8733,81.70708,330.31,0.44,0.46,2026-08-31,0731,N21,low,2.0NRT,303.47,10.63,D
6.95182,81.46968,330.87,0.45,0.47,2026-08-31,0731,N21,nominal,2.0NRT,296,5.39,D
7.0032,81.59778,342.17,0.44,0.46,2026-08-31,0731,N21,nominal,2.0NRT,301.84,5.88,D
7.30419,81.76376,338.81,0.43,0.46,2026-08-31,0731,N21,nominal,2.0NRT,292.25,5.01,D
7.30356,81.75993,334.68,0.43,0.46,2026-08-31,0731,N21,nominal,2.0NRT,292.16,7.86,D
7.31772,81.82027,341.27,0.43,0.46,2026-08-31,0731,N21,nominal,2.0NRT,295.39,6.74,D
7.31523,81.80508,334.99,0.43,0.46,2026-08-31,0731,N21,nominal,2.0NRT,293.53,1.71,D
7.30898,81.76691,333.98,0.43,0.46,2026-08-31,0731,N21,nominal,2.0NRT,293.11,5.01,D
7.31063,81.75089,338.84,0.43,0.46,2026-08-31,0731,N21,nominal,2.0NRT,293.64,4.25,D
7.32209,81.76869,345.08,0.43,0.46,2026-08-31,0731,N21,nominal,2.0NRT,291.69,3.61,D
7.32625,81.768,335.65,0.43,0.46,2026-08-31,0731,N21,nominal,2.0NRT,292.25,3.61,D
7.32394,81.76893,348.8,0.43,0.46,2026-08-31,0731,N21,nominal,2.0NRT,291.94,6.06,D
7.35151,81.83083,336.08,0.42,0.45,2026-08-31,0731,N21,nominal,2.0NRT,296.71,2.11,D
7.33342,81.46716,341.13,0.45,0.47,2026-08-31,0731,N21,nominal,2.0NRT,294.03,4.16,D
7.31087,81.17319,333.6,0.47,0.48,2026-08-31,0731,N21,nominal,2.0NRT,294.86,4.78,D
7.40394,81.54904,331.04,0.44,0.46,2026-08-31,0731,N21,nominal,2.0NRT,286.62,5.68,D
7.52587,81.71207,341.92,0.43,0.46,2026-08-31,0731,N21,nominal,2.0NRT,297.16,6.61,D
7.52748,81.71138,337.44,0.43,0.46,2026-08-31,0731,N21,nominal,2.0NRT,296.53,6.19,D
7.547,81.70036,333.38,0.43,0.46,2026-08-31,0731,N21,nominal,2.0NRT,300.34,4.33,D
7.55875,81.38422,336.8,0.45,0.47,2026-08-31,0731,N21,nominal,2.0NRT,302.12,1.62,D
7.55606,81.36801,343.87,0.45,0.47,2026-08-31,0731,N21,nominal,2.0NRT,306.26,14.39,D
7.60501,80.95575,333.1,0.48,0.48,2026-08-31,0731,N21,nominal,2.0NRT,300.9,4.35,D
7.59092,80.81683,333.92,0.49,0.49,2026-08-31,0731,N21,nominal,2.0NRT,299.43,4.87,D
7.92859,81.38584,335.13,0.44,0.46,2026-08-31,0731,N21,low,2.0NRT,306.34,5.31,D
7.93282,81.38515,344.45,0.44,0.46,2026-08-31,0731,N21,nominal,2.0NRT,305.81,7.9,D
7.92194,81.32151,336.96,0.45,0.47,2026-08-31,0731,N21,nominal,2.0NRT,303.16,5.58,D
7.92126,81.31751,342.39,0.45,0.47,2026-08-31,0731,N21,nominal,2.0NRT,303.84,5.58,D
7.93807,81.33938,344.22,0.45,0.47,2026-08-31,0731,N21,nominal,2.0NRT,305.26,5.81,D
7.74101,80.13753,332.72,0.54,0.51,2026-08-31,0731,N21,nominal,2.0NRT,292.16,6.94,D
7.96403,81.1816,332.63,0.46,0.47,2026-08-31,0731,N21,nominal,2.0NRT,301.39,3.56,D
7.88021,80.68107,333,0.5,0.49,2026-08-31,0731,N21,nominal,2.0NRT,298.09,4.43,D
7.89795,80.65073,335.5,0.5,0.49,2026-08-31,0731,N21,nominal,2.0NRT,298.14,4.96,D
7.8962,80.43355,333.28,0.51,0.5,2026-08-31,0731,N21,nominal,2.0NRT,300.09,5.51,D
7.93259,80.61817,331.47,0.5,0.49,2026-08-31,0731,N21,nominal,2.0NRT,301.38,6.62,D
8.01236,80.61018,341.33,0.5,0.49,2026-08-31,0731,N21,nominal,2.0NRT,301.3,13.74,D
8.01158,80.60573,340.29,0.5,0.49,2026-08-31,0731,N21,nominal,2.0NRT,300.89,15.07,D
7.96328,80.27494,341.46,0.53,0.5,2026-08-31,0731,N21,nominal,2.0NRT,298.51,16.31,D
7.96101,80.09879,345.81,0.54,0.51,2026-08-31,0731,N21,nominal,2.0NRT,299.64,11.14,D
8.06882,80.64643,342.31,0.49,0.49,2026-08-31,0731,N21,nominal,2.0NRT,302.74,13.02,D
8.06807,80.64201,339.43,0.5,0.49,2026-08-31,0731,N21,nominal,2.0NRT,300.4,11.09,D
8.03635,80.40153,339.91,0.51,0.5,2026-08-31,0731,N21,nominal,2.0NRT,299.38,4.72,D
8.03412,80.19515,342.01,0.53,0.5,2026-08-31,0731,N21,nominal,2.0NRT,299.78,17.47,D
8.03408,80.19231,340.68,0.53,0.5,2026-08-31,0731,N21,nominal,2.0NRT,299.7,16.12,D
8.12984,80.14678,330.18,0.53,0.5,2026-08-31,0731,N21,nominal,2.0NRT,299.5,3.91,D
8.13024,80.1483,330.09,0.53,0.5,2026-08-31,0731,N21,nominal,2.0NRT,299.51,4.73,D
8.33201,81.02064,332.14,0.46,0.47,2026-08-31,0731,N21,low,2.0NRT,302.86,3.77,D
8.33131,81.01652,339.23,0.46,0.47,2026-08-31,0731,N21,nominal,2.0NRT,303.18,3.77,D
8.3335,81.00343,332.98,0.46,0.47,2026-08-31,0731,N21,low,2.0NRT,305.09,4.98,D
8.25412,80.51249,336.71,0.5,0.49,2026-08-31,0731,N21,nominal,2.0NRT,301.62,9.33,D
8.36337,81.04925,347.43,0.46,0.47,2026-08-31,0731,N21,nominal,2.0NRT,306.18,8.81,D
8.22025,80.20634,331.08,0.53,0.5,2026-08-31,0731,N21,nominal,2.0NRT,298.58,2.74,D
8.34818,80.79399,332.25,0.48,0.48,2026-08-31,0731,N21,low,2.0NRT,303.26,3.89,D
8.37055,80.74158,340.3,0.48,0.48,2026-08-31,0731,N21,nominal,2.0NRT,304.11,5.15,D
8.39373,80.63971,330.31,0.49,0.49,2026-08-31,0731,N21,low,2.0NRT,302.1,3.32,D
8.43034,80.80201,340.11,0.48,0.48,2026-08-31,0731,N21,nominal,2.0NRT,301.18,5.39,D
8.42529,80.74567,342.4,0.48,0.48,2026-08-31,0731,N21,nominal,2.0NRT,305.1,8.2,D
8.42456,80.74141,330.3,0.48,0.48,2026-08-31,0731,N21,low,2.0NRT,304.08,8.2,D
8.33914,80.21149,342.98,0.52,0.5,2026-08-31,0731,N21,nominal,2.0NRT,303.33,11.28,D
8.34743,80.20525,342.35,0.52,0.5,2026-08-31,0731,N21,nominal,2.0NRT,304.4,17.86,D
8.4486,80.75056,331.12,0.48,0.48,2026-08-31,0731,N21,low,2.0NRT,303.96,4.98,D
8.51206,81.10396,334.39,0.45,0.47,2026-08-31,0731,N21,nominal,2.0NRT,303.24,6.7,D
8.39142,80.38304,341.08,0.51,0.49,2026-08-31,0731,N21,nominal,2.0NRT,300.9,10.55,D
8.47237,80.81231,330.71,0.48,0.48,2026-08-31,0731,N21,low,2.0NRT,301.98,1.78,D
8.51124,81.10506,336.3,0.45,0.47,2026-08-31,0731,N21,nominal,2.0NRT,303.89,6.16,D
8.52257,81.1198,335.23,0.45,0.47,2026-08-31,0731,N21,nominal,2.0NRT,303.94,4.33,D
8.39323,80.38007,340.17,0.51,0.49,2026-08-31,0731,N21,nominal,2.0NRT,299.37,4.19,D
8.47298,80.80927,330.07,0.47,0.48,2026-08-31,0731,N21,low,2.0NRT,302.47,4.01,D
8.47578,80.77385,336,0.48,0.48,2026-08-31,0731,N21,nominal,2.0NRT,304.26,6.39,D
8.49258,80.81905,351.33,0.47,0.48,2026-08-31,0731,N21,nominal,2.0NRT,299.65,9.75,D
8.49186,80.81484,341.26,0.47,0.48,2026-08-31,0731,N21,nominal,2.0NRT,302.72,8.86,D
8.47713,80.72977,330.72,0.48,0.48,2026-08-31,0731,N21,nominal,2.0NRT,299.61,6.58,D
8.49839,80.82677,336.61,0.47,0.48,2026-08-31,0731,N21,nominal,2.0NRT,302.93,6.85,D
8.49766,80.82256,330.62,0.47,0.48,2026-08-31,0731,N21,low,2.0NRT,302.04,7.47,D
8.38305,80.16289,343,0.53,0.5,2026-08-31,0731,N21,nominal,2.0NRT,304.62,14.97,D
8.38223,80.15819,339.04,0.53,0.5,2026-08-31,0731,N21,nominal,2.0NRT,303.09,14.97,D
8.41513,80.32014,334.19,0.51,0.5,2026-08-31,0731,N21,nominal,2.0NRT,303.8,7.71,D
8.38678,80.1574,341.99,0.53,0.5,2026-08-31,0731,N21,nominal,2.0NRT,303.55,14.97,D
8.38596,80.15272,340.08,0.53,0.5,2026-08-31,0731,N21,nominal,2.0NRT,301.55,8.28,D
8.51288,80.859,339.11,0.47,0.48,2026-08-31,0731,N21,nominal,2.0NRT,303.36,5.04,D
8.50709,80.82535,336.44,0.47,0.48,2026-08-31,0731,N21,nominal,2.0NRT,302.69,5.68,D
8.43551,80.33078,340.64,0.51,0.5,2026-08-31,0731,N21,nominal,2.0NRT,300.02,4.88,D
8.54822,80.88338,354.59,0.47,0.48,2026-08-31,0731,N21,nominal,2.0NRT,304.02,20.54,D
8.53608,80.81186,331.27,0.47,0.48,2026-08-31,0731,N21,low,2.0NRT,302.24,2.78,D
8.43957,80.19196,337.9,0.52,0.5,2026-08-31,0731,N21,nominal,2.0NRT,301.65,6.35,D
8.61808,81.14131,350.06,0.45,0.47,2026-08-31,0731,N21,nominal,2.0NRT,302.52,5.33,D
8.55718,80.77786,338.25,0.48,0.48,2026-08-31,0731,N21,nominal,2.0NRT,303.07,6.43,D
8.56803,80.78912,330.47,0.48,0.48,2026-08-31,0731,N21,low,2.0NRT,302.19,2.05,D
8.55086,80.68662,350.81,0.48,0.48,2026-08-31,0731,N21,nominal,2.0NRT,304.54,8.31,D
8.55154,80.68698,349.54,0.48,0.48,2026-08-31,0731,N21,nominal,2.0NRT,303.56,8.76,D
8.55804,80.67258,333.16,0.48,0.48,2026-08-31,0731,N21,low,2.0NRT,303.49,3.2,D
8.55408,80.62409,339.39,0.49,0.48,2026-08-31,0731,N21,nominal,2.0NRT,301.67,11.28,D
8.623,80.99452,332.24,0.46,0.47,2026-08-31,0731,N21,low,2.0NRT,303.12,2.32,D
8.5942,80.82852,340.94,0.47,0.48,2026-08-31,0731,N21,nominal,2.0NRT,305.89,10.15,D
8.59348,80.82437,340.4,0.47,0.48,2026-08-31,0731,N21,nominal,2.0NRT,303.75,8.66,D
8.55849,80.62339,349.02,0.49,0.48,2026-08-31,0731,N21,nominal,2.0NRT,307.73,11.28,D
8.65302,80.98958,341.78,0.46,0.47,2026-08-31,0731,N21,nominal,2.0NRT,303.82,4.38,D
8.62025,80.79829,335.26,0.47,0.48,2026-08-31,0731,N21,nominal,2.0NRT,301.4,10.61,D
8.66218,81.01741,333.19,0.46,0.47,2026-08-31,0731,N21,low,2.0NRT,306.17,4.02,D
8.60188,80.66514,330.13,0.48,0.48,2026-08-31,0731,N21,low,2.0NRT,303.7,5.77,D
8.60311,80.56652,334.39,0.49,0.49,2026-08-31,0731,N21,nominal,2.0NRT,300.61,5.92,D
8.68784,81.01306,333.47,0.46,0.47,2026-08-31,0731,N21,low,2.0NRT,308.4,4.86,D
8.59065,80.41304,345.04,0.5,0.49,2026-08-31,0731,N21,nominal,2.0NRT,302.86,7.92,D
8.6758,80.83646,334.68,0.47,0.48,2026-08-31,0731,N21,nominal,2.0NRT,304.62,3.21,D
8.68184,80.76595,333.3,0.47,0.48,2026-08-31,0731,N21,nominal,2.0NRT,300.93,2.39,D
8.68315,80.76617,339.75,0.47,0.48,2026-08-31,0731,N21,nominal,2.0NRT,301.2,2.19,D
8.62995,80.38409,332.97,0.5,0.49,2026-08-31,0731,N21,nominal,2.0NRT,301.43,8.8,D
8.73659,80.97143,331.55,0.46,0.47,2026-08-31,0731,N21,low,2.0NRT,305.12,5.75,D
8.70029,80.65791,338.88,0.48,0.48,2026-08-31,0731,N21,nominal,2.0NRT,302.49,7.16,D
8.19619,77.55958,330.48,0.4,0.6,2026-08-31,0731,N21,nominal,2.0NRT,293.99,3.4,D
8.68145,80.28164,333.86,0.51,0.49,2026-08-31,0731,N21,low,2.0NRT,304.54,6.77,D
8.71056,80.42584,333.21,0.5,0.49,2026-08-31,0731,N21,low,2.0NRT,305.36,9.1,D
8.86551,80.88265,341.98,0.46,0.47,2026-08-31,0731,N21,nominal,2.0NRT,305.47,11.19,D
8.8648,80.87851,330.48,0.46,0.47,2026-08-31,0731,N21,low,2.0NRT,301.83,11.19,D
8.80248,80.43476,338.61,0.5,0.49,2026-08-31,0731,N21,nominal,2.0NRT,303.56,5.73,D
8.85929,80.74162,335.47,0.47,0.48,2026-08-31,0731,N21,low,2.0NRT,309.55,76.14,D
8.91246,80.88351,330.63,0.46,0.47,2026-08-31,0731,N21,low,2.0NRT,302.96,1.73,D
8.85157,80.38142,342.74,0.5,0.49,2026-08-31,0731,N21,nominal,2.0NRT,306.84,8.64,D
8.88955,80.52087,335.88,0.49,0.48,2026-08-31,0731,N21,nominal,2.0NRT,305.24,4.36,D
8.90189,80.48717,340.04,0.49,0.49,2026-08-31,0731,N21,nominal,2.0NRT,303.36,5.56,D
8.97073,80.75806,331.68,0.47,0.48,2026-08-31,0731,N21,low,2.0NRT,305.78,6.77,D
8.91413,80.42585,349.56,0.5,0.49,2026-08-31,0731,N21,nominal,2.0NRT,304.37,18.71,D
8.91856,80.42508,342.21,0.5,0.49,2026-08-31,0731,N21,nominal,2.0NRT,303.72,7.11,D
9.04075,80.45049,340.34,0.49,0.49,2026-08-31,0731,N21,nominal,2.0NRT,302.43,8.69,D
9.02162,80.11128,332.81,0.52,0.5,2026-08-31,0731,N21,low,2.0NRT,306.54,8.25,D
9.10929,80.50784,335.01,0.49,0.48,2026-08-31,0731,N21,nominal,2.0NRT,306.82,6.19,D
9.1948,80.65673,342.05,0.47,0.48,2026-08-31,0731,N21,nominal,2.0NRT,304.02,5.81,D
9.22388,80.69515,338.34,0.47,0.48,2026-08-31,0731,N21,nominal,2.0NRT,308.05,7.24,D
9.18292,80.30522,346.26,0.5,0.49,2026-08-31,0731,N21,nominal,2.0NRT,307.74,7.77,D
9.18737,80.30444,340.18,0.5,0.49,2026-08-31,0731,N21,nominal,2.0NRT,306.14,3.69,D
8.73938,77.75655,342.22,0.38,0.59,2026-08-31,0731,N21,nominal,2.0NRT,300.04,3.62,D
9.26718,80.71373,335.31,0.47,0.48,2026-08-31,0731,N21,nominal,2.0NRT,304.53,5.89,D
9.2866,80.72333,339.12,0.47,0.48,2026-08-31,0731,N21,nominal,2.0NRT,303.66,6.22,D
9.30883,80.43028,340.98,0.49,0.48,2026-08-31,0731,N21,nominal,2.0NRT,301.88,5.16,D
9.41315,80.40452,331.74,0.49,0.48,2026-08-31,0731,N21,low,2.0NRT,304.03,4.13,D
9.41239,80.40015,342.7,0.49,0.48,2026-08-31,0731,N21,nominal,2.0NRT,305.44,8.5,D
9.41755,80.40376,334.45,0.49,0.48,2026-08-31,0731,N21,low,2.0NRT,305.1,4.13,D
9.42924,80.39275,344.1,0.49,0.48,2026-08-31,0731,N21,nominal,2.0NRT,305.97,10.52,D
9.4262,80.37522,332.58,0.49,0.49,2026-08-31,0731,N21,low,2.0NRT,305.5,4.35,D
9.4417,80.38611,333.88,0.49,0.48,2026-08-31,0731,N21,low,2.0NRT,305.23,3.15,D
9.44836,80.39847,332.98,0.49,0.48,2026-08-31,0731,N21,low,2.0NRT,305.51,3.02,D
9.45276,80.39771,342.11,0.49,0.48,2026-08-31,0731,N21,nominal,2.0NRT,305.09,3.02,D
8.93458,77.4248,331.74,0.4,0.6,2026-08-31,0731,N21,nominal,2.0NRT,296.67,2.81,D
8.95756,77.42812,343.07,0.4,0.6,2026-08-31,0731,N21,nominal,2.0NRT,299.6,7.03,D
8.95907,77.42636,336.72,0.4,0.6,2026-08-31,0731,N21,nominal,2.0NRT,299.34,6.43,D
9.22205,78.65817,333.87,0.32,0.55,2026-08-31,0731,N21,low,2.0NRT,305.2,1.05,D
9.20535,78.30312,332.69,0.34,0.56,2026-08-31,0731,N21,nominal,2.0NRT,302.34,1.84,D
9.52986,78.55909,344.82,0.32,0.55,2026-08-31,0731,N21,nominal,2.0NRT,295.68,10.57,D
9.41918,77.50965,335.16,0.38,0.59,2026-08-31,0731,N21,nominal,2.0NRT,299.91,2.45,D
9.71414,78.92452,340.23,0.61,0.53,2026-08-31,0731,N21,nominal,2.0NRT,296.96,2.93,D
9.7306,78.41191,337.64,0.33,0.55,2026-08-31,0731,N21,nominal,2.0NRT,294.09,2.59,D
9.76943,78.36863,332.83,0.33,0.55,2026-08-31,0731,N21,nominal,2.0NRT,289.29,3.13,D
9.6418,77.65417,330.61,0.37,0.58,2026-08-31,0731,N21,nominal,2.0NRT,299.92,2.09,D
9.65658,77.64974,339.31,0.37,0.58,2026-08-31,0731,N21,nominal,2.0NRT,304.18,7.4,D
9.65597,77.64645,331.61,0.37,0.58,2026-08-31,0731,N21,low,2.0NRT,303.13,4.33,D
9.8097,77.88875,340.38,0.36,0.57,2026-08-31,0731,N21,nominal,2.0NRT,307.56,4.27,D
10.04896,78.97438,339.72,0.59,0.53,2026-08-31,0731,N21,nominal,2.0NRT,301.32,8.45,D
11.39743,78.70004,354.25,0.59,0.53,2026-08-31,0731,N21,nominal,2.0NRT,286.76,14.75,D
12.1731,79.82799,339.93,0.48,0.48,2026-08-31,0731,N21,nominal,2.0NRT,294.09,8.65,D
12.58453,79.64104,332.82,0.49,0.48,2026-08-31,0731,N21,nominal,2.0NRT,297.71,1.87,D
12.70339,79.7732,340.67,0.47,0.48,2026-08-31,0731,N21,nominal,2.0NRT,298.26,6.14,D
13.29946,79.8628,341.58,0.46,0.47,2026-08-31,0733,N21,nominal,2.0NRT,299.8,2.73,D
13.3195,79.92703,339.93,0.45,0.47,2026-08-31,0733,N21,nominal,2.0NRT,295.66,5.81,D
13.31914,79.92836,337.11,0.45,0.47,2026-08-31,0733,N21,nominal,2.0NRT,295.25,7.56,D
13.41108,80.26926,332.33,0.43,0.46,2026-08-31,0733,N21,nominal,2.0NRT,296.76,1.98,D
12.81064,76.9621,329.86,0.36,0.58,2026-08-31,0733,N21,nominal,2.0NRT,275.93,5.58,D
13.38021,79.70301,333.34,0.47,0.47,2026-08-31,0733,N21,nominal,2.0NRT,298.87,4.52,D
13.46564,79.86813,341.58,0.45,0.47,2026-08-31,0733,N21,nominal,2.0NRT,297.63,10.54,D
13.82067,79.34486,341.88,0.48,0.48,2026-08-31,0733,N21,nominal,2.0NRT,281.74,8.45,D
13.81982,79.34018,332.98,0.48,0.48,2026-08-31,0733,N21,nominal,2.0NRT,281.5,8.45,D
22.79767,86.20526,330.49,0.43,0.38,2026-08-31,0735,N21,nominal,2.0NRT,284.14,4.82,D
25.30671,56.37373,335.05,0.4,0.37,2026-08-31,0917,N21,low,2.0NRT,308.31,5.48,D
27.71215,68.49017,367,0.44,0.63,2026-08-31,0917,N21,high,2.0NRT,302.57,8.24,D
27.71182,68.48566,336.18,0.44,0.63,2026-08-31,0917,N21,nominal,2.0NRT,301.11,8.24,D
28.18835,67.79112,341.14,0.41,0.6,2026-08-31,0917,N21,nominal,2.0NRT,304.16,3.05,D
27.15989,56.10014,347.29,0.39,0.36,2026-08-31,0917,N21,nominal,2.0NRT,316.36,20.18,D
29.98743,55.8544,346.53,0.39,0.36,2026-08-31,0920,N21,nominal,2.0NRT,315.12,6.77,D
37.03439,62.41856,342.24,0.49,0.48,2026-08-31,0920,N21,low,2.0NRT,313.98,16.13,D
37.0334,62.41651,342.33,0.49,0.48,2026-08-31,0920,N21,low,2.0NRT,314.9,16.43,D
37.11433,62.36713,348.93,0.48,0.48,2026-08-31,0920,N21,nominal,2.0NRT,323.37,25.03,D
37.11385,62.36169,345.24,0.48,0.48,2026-08-31,0920,N21,nominal,2.0NRT,314.4,25.03,D
37.11876,62.36653,343.24,0.48,0.48,2026-08-31,0920,N21,low,2.0NRT,315.7,25.03,D
37.10186,60.57857,340.61,0.39,0.44,2026-08-31,0920,N21,nominal,2.0NRT,309.96,3.55,D
37.48169,61.79168,340.39,0.45,0.47,2026-08-31,0920,N21,nominal,2.0NRT,311.68,2.73,D
37.61055,61.60607,338.52,0.45,0.47,2026-08-31,0922,N21,low,2.0NRT,311.77,3.72,D
36.9456,54.88836,343.88,0.38,0.36,2026-08-31,0922,N21,nominal,2.0NRT,304.47,4.85,D
37.29079,55.38529,340.9,0.39,0.36,2026-08-31,0922,N21,nominal,2.0NRT,308.01,8.81,D
37.28923,55.3274,332.09,0.39,0.36,2026-08-31,0922,N21,low,2.0NRT,305.91,2.17,D
37.82732,59.06958,334.9,0.51,0.41,2026-08-31,0922,N21,low,2.0NRT,308.79,6.71,D
37.38682,55.24876,335.11,0.39,0.36,2026-08-31,0922,N21,low,2.0NRT,307.22,1.64,D
39.48106,65.05426,331.49,0.36,0.57,2026-08-31,0922,N21,low,2.0NRT,305.45,2.14,D
38.68082,54.31379,338.55,0.38,0.36,2026-08-31,0922,N21,nominal,2.0NRT,303.29,2.52,D
39.27302,56.25076,344.15,0.41,0.37,2026-08-31,0922,N21,nominal,2.0NRT,307.58,8.93,D
39.27705,56.25479,335.23,0.41,0.37,2026-08-31,0922,N21,low,2.0NRT,306.72,8.93,D
39.27662,56.25204,344.22,0.42,0.37,2026-08-31,0922,N21,nominal,2.0NRT,306.2,4.18,D
39.31827,55.75347,339.88,0.4,0.37,2026-08-31,0922,N21,nominal,2.0NRT,310.85,12.21,D
39.32088,55.73613,346.18,0.4,0.37,2026-08-31,0922,N21,nominal,2.0NRT,306.81,5.28,D
39.32362,55.73073,337.65,0.4,0.37,2026-08-31,0922,N21,nominal,2.0NRT,307.34,5.65,D
22.05649,59.34969,340.69,0.39,0.36,2026-08-31,0915,N21,low,2.0NRT,314.9,5.51,D
24.50512,56.60691,348.52,0.4,0.37,2026-08-31,0917,N21,low,2.0NRT,316.09,20.63,D
25.87093,62.51902,341.38,0.55,0.42,2026-08-31,0917,N21,low,2.0NRT,311.4,12.92,D
8.85866,101.26748,300.77,0.57,0.43,2026-08-31,1826,N21,nominal,2.0NRT,270.03,0.76,N
7.24992,100.41132,312.33,0.41,0.45,2026-08-31,1826,N21,nominal,2.0NRT,289.94,2.13,N
7.24887,100.41868,308.05,0.41,0.45,2026-08-31,1826,N21,nominal,2.0NRT,290.43,1.6,N
7.21896,100.22725,304.29,0.42,0.45,2026-08-31,1826,N21,nominal,2.0NRT,281.79,0.62,N
39.40258,99.85577,367,0.51,0.66,2026-08-31,1817,N21,high,2.0NRT,293.12,14.26,N
39.40229,99.85733,352.79,0.51,0.66,2026-08-31,1817,N21,nominal,2.0NRT,291.08,12.07,N
39.40251,99.85125,313.39,0.51,0.66,2026-08-31,1817,N21,nominal,2.0NRT,289.76,9.33,N
36.58909,101.48635,306.64,0.4,0.6,2026-08-31,1817,N21,nominal,2.0NRT,283.34,1.54,N
36.58851,101.48812,296.69,0.4,0.6,2026-08-31,1817,N21,nominal,2.0NRT,283.4,1.8,N
36.56961,101.52766,298.96,0.39,0.6,2026-08-31,1817,N21,nominal,2.0NRT,282.5,1.51,N
36.43761,101.60366,295.08,0.39,0.59,2026-08-31,1817,N21,nominal,2.0NRT,280.38,0.95,N
26.62263,101.45623,295.25,0.63,0.54,2026-08-31,1821,N21,nominal,2.0NRT,276.8,0.93,N
26.62164,101.45522,295.3,0.63,0.54,2026-08-31,1821,N21,nominal,2.0NRT,280.19,2.1,N
26.57671,101.66453,333.05,0.61,0.53,2026-08-31,1821,N21,nominal,2.0NRT,291.09,9.97,N
26.56574,101.67582,307.14,0.61,0.53,2026-08-31,1821,N21,nominal,2.0NRT,292.58,4.38,N
22.63056,100.73275,301.77,0.63,0.54,2026-08-31,1821,N21,nominal,2.0NRT,286.47,1.36,N
13.8191,79.35138,304.87,0.43,0.38,2026-08-31,2006,N21,nominal,2.0NRT,292.17,2.95,N
13.82083,79.35246,308.89,0.43,0.38,2026-08-31,2006,N21,nominal,2.0NRT,292.28,2.29,N
13.7698,79.52962,315.63,0.42,0.38,2026-08-31,2006,N21,nominal,2.0NRT,293.75,3.59,N
13.39139,80.10024,308.06,0.4,0.37,2026-08-31,2006,N21,nominal,2.0NRT,289.62,1.4,N
13.62572,78.44389,308.4,0.47,0.4,2026-08-31,2006,N21,nominal,2.0NRT,289.97,0.99,N
13.39185,80.07369,307.57,0.41,0.37,2026-08-31,2006,N21,nominal,2.0NRT,292.82,1.15,N
13.62445,78.44543,303.26,0.47,0.4,2026-08-31,2006,N21,nominal,2.0NRT,290.03,1.39,N
13.04406,77.66707,304.66,0.51,0.41,2026-08-31,2006,N21,nominal,2.0NRT,288.69,0.53,N
12.80597,77.4342,303.35,0.52,0.42,2026-08-31,2006,N21,nominal,2.0NRT,281.03,1.99,N
12.17032,78.99065,297.43,0.43,0.38,2026-08-31,2008,N21,nominal,2.0NRT,286.67,1.61,N
11.81635,77.91774,305.18,0.48,0.4,2026-08-31,2008,N21,nominal,2.0NRT,293.35,1.96,N
11.26925,80.00533,313.95,0.4,0.37,2026-08-31,2008,N21,nominal,2.0NRT,284.5,1.18,N
11.0839,78.75246,309.64,0.43,0.38,2026-08-31,2008,N21,nominal,2.0NRT,293.1,1.03,N
11.08219,78.75288,315.78,0.43,0.38,2026-08-31,2008,N21,nominal,2.0NRT,292.3,1.2,N
10.26561,78.37807,308.2,0.44,0.38,2026-08-31,2008,N21,nominal,2.0NRT,294.61,1.49,N
10.41422,77.11642,320.12,0.51,0.41,2026-08-31,2008,N21,nominal,2.0NRT,290.43,2.48,N
9.06696,77.89515,314.44,0.45,0.39,2026-08-31,2008,N21,nominal,2.0NRT,295.57,0.92,N
8.86698,78.1198,308.69,0.44,0.38,2026-08-31,2008,N21,nominal,2.0NRT,296.2,0.48,N
8.46689,80.25317,306.42,0.39,0.36,2026-08-31,2008,N21,nominal,2.0NRT,294.25,0.63,N
8.7414,78.08978,308.15,0.44,0.38,2026-08-31,2008,N21,nominal,2.0NRT,295.37,0.94,N
8.74081,78.09372,309.71,0.44,0.38,2026-08-31,2008,N21,nominal,2.0NRT,295.3,0.88,N
8.17575,80.37391,309.36,0.38,0.36,2026-08-31,2008,N21,nominal,2.0NRT,291.5,1.19,N
8.09008,80.79288,322.73,0.38,0.36,2026-08-31,2008,N21,nominal,2.0NRT,294.61,2.2,N
8.11107,79.86932,310.67,0.39,0.36,2026-08-31,2008,N21,nominal,2.0NRT,292.79,1.7,N
7.98893,79.86812,306.27,0.39,0.36,2026-08-31,2008,N21,nominal,2.0NRT,293.48,1.45,N
7.70559,80.66081,321.06,0.38,0.36,2026-08-31,2008,N21,nominal,2.0NRT,293.6,2.22,N
7.3909,80.89053,330.59,0.39,0.36,2026-08-31,2008,N21,nominal,2.0NRT,293.88,8.82,N
7.26313,81.18134,312.14,0.39,0.36,2026-08-31,2008,N21,nominal,2.0NRT,294.4,3.05,N
6.96047,79.9621,304.49,0.38,0.36,2026-08-31,2008,N21,nominal,2.0NRT,292.95,2.41,N
6.95824,79.95467,307.98,0.38,0.36,2026-08-31,2008,N21,nominal,2.0NRT,292.43,1.48,N
37.3045,77.71889,296.82,0.33,0.55,2026-08-31,2000,N21,nominal,2.0NRT,282.11,0.51,N
37.30535,77.7195,299.82,0.33,0.55,2026-08-31,2000,N21,nominal,2.0NRT,282.12,0.52,N
29.78645,91.60583,303.29,0.39,0.44,2026-08-31,2002,N21,nominal,2.0NRT,283.13,1.02,N
24.76254,74.6077,300.58,0.37,0.58,2026-08-31,2004,N21,nominal,2.0NRT,276.94,0.93,N
21.10521,72.64474,328.52,0.45,0.63,2026-08-31,2004,N21,nominal,2.0NRT,285.25,6.75,N
19.93664,73.71329,302.54,0.37,0.58,2026-08-31,2004,N21,nominal,2.0NRT,286.53,1.72,N
18.79948,74.2539,305.94,0.33,0.55,2026-08-31,2006,N21,nominal,2.0NRT,288.24,1.46,N
18.6894,73.03887,302.48,0.4,0.6,2026-08-31,2006,N21,nominal,2.0NRT,289.75,0.61,N
18.68763,73.04997,301.29,0.4,0.6,2026-08-31,2006,N21,nominal,2.0NRT,289.04,1.39,N
18.68412,73.03058,318.49,0.4,0.6,2026-08-31,2006,N21,nominal,2.0NRT,289.99,2.81,N
17.13949,77.17442,301.3,0.41,0.45,2026-08-31,2006,N21,nominal,2.0NRT,280.77,0.6,N
17.06384,76.97977,302.15,0.42,0.45,2026-08-31,2006,N21,nominal,2.0NRT,278.25,0.78,N
17.06124,76.97998,300.95,0.42,0.45,2026-08-31,2006,N21,nominal,2.0NRT,277.75,0.42,N
39.86194,98.25172,308.22,0.54,0.51,2026-08-31,1957,N21,nominal,2.0NRT,291.08,2.93,N
39.84127,98.27617,309.07,0.54,0.51,2026-08-31,1957,N21,nominal,2.0NRT,288.97,2.48,N
39.86181,98.25266,313.58,0.54,0.51,2026-08-31,1957,N21,nominal,2.0NRT,292.21,1.82,N
39.84131,98.27718,300.61,0.54,0.51,2026-08-31,1957,N21,nominal,2.0NRT,288.22,1.14,N
39.40388,99.85352,341.59,0.33,0.55,2026-08-31,1957,N21,nominal,2.0NRT,292.5,8.33,N
39.40294,99.85716,350.97,0.33,0.56,2026-08-31,1957,N21,nominal,2.0NRT,290.6,8,N
36.58998,101.48476,301.05,0.48,0.65,2026-08-31,1957,N21,nominal,2.0NRT,281.61,1.72,N
36.4379,101.60268,301.33,0.5,0.65,2026-08-31,1957,N21,nominal,2.0NRT,280.8,1.33,N
35.99007,94.83196,297.61,0.44,0.46,2026-08-31,2000,N21,nominal,2.0NRT,280.19,1.4,N
35.36796,59.30377,311.55,0.42,0.38,2026-08-31,2142,N21,nominal,2.0NRT,289.81,0.97,N
32.88955,71.61756,314.72,0.34,0.56,2026-08-31,2142,N21,nominal,2.0NRT,291.26,2.28,N
32.2922,70.72919,305.84,0.62,0.54,2026-08-31,2142,N21,nominal,2.0NRT,291.98,2.52,N
33.75174,59.14524,319.54,0.42,0.37,2026-08-31,2142,N21,nominal,2.0NRT,290.22,2.17,N
33.62954,59.16907,302.66,0.42,0.37,2026-08-31,2142,N21,nominal,2.0NRT,291.75,1.12,N
30.18717,74.48603,305.14,0.57,0.69,2026-08-31,2142,N21,nominal,2.0NRT,289.73,1.24,N
33.27083,57.53969,302.35,0.47,0.4,2026-08-31,2142,N21,nominal,2.0NRT,291.85,0.62,N
33.042,56.84645,320.72,0.5,0.41,2026-08-31,2142,N21,nominal,2.0NRT,298.83,3.09,N
33.04137,56.85178,317.92,0.5,0.41,2026-08-31,2142,N21,nominal,2.0NRT,298.03,3.09,N
30.49198,67.17836,301.37,0.43,0.46,2026-08-31,2142,N21,nominal,2.0NRT,289.98,1.74,N
30.49111,67.18256,317.73,0.43,0.46,2026-08-31,2142,N21,nominal,2.0NRT,290.59,1.74,N
32.33403,54.08655,306.04,0.46,0.47,2026-08-31,2142,N21,nominal,2.0NRT,293.86,1.33,N
32.33624,54.0885,303.91,0.46,0.47,2026-08-31,2142,N21,nominal,2.0NRT,292.96,1.56,N
31.70268,55.44767,308.43,0.57,0.43,2026-08-31,2144,N21,nominal,2.0NRT,297.85,2.94,N
31.6237,54.72355,308.73,0.41,0.45,2026-08-31,2144,N21,nominal,2.0NRT,292.71,1.79,N
31.62102,54.72355,311.53,0.41,0.45,2026-08-31,2144,N21,nominal,2.0NRT,293.7,2.4,N
30.75341,56.65732,311.82,0.48,0.4,2026-08-31,2144,N21,nominal,2.0NRT,294.18,2.16,N
30.75443,56.65443,304.32,0.48,0.4,2026-08-31,2144,N21,nominal,2.0NRT,294.04,1.7,N
30.75378,56.6595,307.41,0.48,0.4,2026-08-31,2144,N21,nominal,2.0NRT,293.15,1.72,N
28.42339,69.7014,313.99,0.33,0.55,2026-08-31,2144,N21,nominal,2.0NRT,296.94,1.34,N
30.66515,56.61928,309.42,0.48,0.4,2026-08-31,2144,N21,nominal,2.0NRT,289.71,1.1,N
30.73316,55.387,301.81,0.56,0.43,2026-08-31,2144,N21,nominal,2.0NRT,291.52,0.93,N
30.3692,56.12785,305.54,0.51,0.41,2026-08-31,2144,N21,nominal,2.0NRT,291.13,1.37,N
30.32272,56.22713,302.62,0.5,0.41,2026-08-31,2144,N21,nominal,2.0NRT,290.36,1.1,N
30.23392,56.9101,324.34,0.47,0.39,2026-08-31,2144,N21,nominal,2.0NRT,293.33,3.65,N
30.32238,55.9751,312.08,0.52,0.41,2026-08-31,2144,N21,nominal,2.0NRT,291.72,1.62,N
29.47516,60.80801,308.64,0.39,0.36,2026-08-31,2144,N21,nominal,2.0NRT,294.51,1.22,N
29.92796,56.73544,315.3,0.47,0.4,2026-08-31,2144,N21,nominal,2.0NRT,290.19,2.09,N
30.082,55.39827,306.09,0.55,0.43,2026-08-31,2144,N21,nominal,2.0NRT,292.61,1.81,N
29.99018,55.85291,338.66,0.52,0.41,2026-08-31,2144,N21,nominal,2.0NRT,290.29,7.93,N
29.99058,55.85131,334.42,0.52,0.41,2026-08-31,2144,N21,nominal,2.0NRT,288,3.97,N
29.98995,55.85642,302.81,0.52,0.41,2026-08-31,2144,N21,nominal,2.0NRT,287.14,3.97,N
29.51176,55.79657,303.21,0.52,0.41,2026-08-31,2144,N21,nominal,2.0NRT,291.18,0.9,N
29.15174,55.36456,309.33,0.54,0.42,2026-08-31,2144,N21,nominal,2.0NRT,294.26,1.53,N
29.13437,55.3787,303.97,0.54,0.42,2026-08-31,2144,N21,nominal,2.0NRT,293.81,1.5,N
25.85953,68.9313,304.91,0.34,0.56,2026-08-31,2144,N21,nominal,2.0NRT,294.57,0.51,N
25.76952,68.55756,305.44,0.32,0.55,2026-08-31,2144,N21,nominal,2.0NRT,295.02,0.55,N
27.40647,59.87672,310.63,0.38,0.36,2026-08-31,2144,N21,nominal,2.0NRT,296.56,0.79,N
27.22723,60.48951,319.97,0.39,0.36,2026-08-31,2144,N21,nominal,2.0NRT,300.42,2.7,N
27.4228,56.50357,316.82,0.45,0.39,2026-08-31,2144,N21,nominal,2.0NRT,301.14,2.38,N
27.42071,56.5,322.18,0.45,0.39,2026-08-31,2144,N21,nominal,2.0NRT,301.55,2.42,N
27.30188,56.3041,320.73,0.46,0.39,2026-08-31,2144,N21,nominal,2.0NRT,301.76,2.25,N
39.85423,66.1992,302.68,0.42,0.38,2026-08-31,2140,N21,nominal,2.0NRT,291.39,1.02,N
39.17669,68.61008,295.22,0.52,0.42,2026-08-31,2140,N21,nominal,2.0NRT,283.93,1.32,N
39.20108,66.83621,306.09,0.44,0.39,2026-08-31,2140,N21,nominal,2.0NRT,293.92,0.91,N
39.97635,61.68142,298.78,0.4,0.37,2026-08-31,2140,N21,nominal,2.0NRT,288.4,0.27,N
39.26308,65.20273,304.85,0.4,0.37,2026-08-31,2140,N21,nominal,2.0NRT,290.87,1.23,N
39.25976,65.20177,308.74,0.4,0.37,2026-08-31,2140,N21,nominal,2.0NRT,290.47,1.23,N
39.18094,65.31374,316.5,0.4,0.37,2026-08-31,2140,N21,nominal,2.0NRT,292.52,1.82,N
39.43372,62.99546,301.61,0.38,0.36,2026-08-31,2140,N21,nominal,2.0NRT,290.05,0.75,N
39.25013,63.21201,316.04,0.38,0.36,2026-08-31,2140,N21,nominal,2.0NRT,291.14,2.07,N
38.33434,68.12044,321.33,0.51,0.41,2026-08-31,2140,N21,nominal,2.0NRT,295.97,2.64,N
39.20212,63.23627,302.4,0.38,0.36,2026-08-31,2140,N21,nominal,2.0NRT,290.73,0.61,N
39.18497,63.34612,304.03,0.38,0.36,2026-08-31,2140,N21,nominal,2.0NRT,290.33,0.48,N
39.15908,63.46739,309.49,0.38,0.36,2026-08-31,2140,N21,nominal,2.0NRT,290.49,1.08,N
27.16864,56.09854,331.54,0.47,0.4,2026-08-31,2144,N21,nominal,2.0NRT,302.89,6.49,N
39.1347,63.62112,304.24,0.38,0.36,2026-08-31,2140,N21,nominal,2.0NRT,290.84,0.6,N
27.17043,56.05539,312.45,0.47,0.4,2026-08-31,2144,N21,nominal,2.0NRT,301.17,3.69,N
39.17241,63.27194,303.84,0.38,0.36,2026-08-31,2140,N21,nominal,2.0NRT,290.94,0.71,N
27.16079,56.10209,322.03,0.47,0.4,2026-08-31,2144,N21,nominal,2.0NRT,302.79,5.38,N
39.17035,63.28511,313.83,0.38,0.36,2026-08-31,2140,N21,nominal,2.0NRT,291.42,0.76,N
39.17666,63.22279,311.74,0.38,0.36,2026-08-31,2140,N21,nominal,2.0NRT,291.21,1.08,N
27.16016,56.07786,312.52,0.47,0.4,2026-08-31,2144,N21,nominal,2.0NRT,301.93,3.73,N
39.15263,63.37649,302.19,0.38,0.36,2026-08-31,2140,N21,nominal,2.0NRT,290.3,0.7,N
27.1441,56.11054,317.64,0.47,0.4,2026-08-31,2144,N21,nominal,2.0NRT,301.64,3.04,N
39.16792,63.25708,313.21,0.38,0.36,2026-08-31,2140,N21,nominal,2.0NRT,291.56,1.32,N
39.16396,63.26063,308.97,0.38,0.36,2026-08-31,2140,N21,nominal,2.0NRT,290.48,1.32,N
39.15504,63.31771,311.24,0.38,0.36,2026-08-31,2140,N21,nominal,2.0NRT,290.67,1.38,N
39.13019,63.47578,301.7,0.38,0.36,2026-08-31,2140,N21,nominal,2.0NRT,290.2,0.41,N
39.12573,63.46091,306.52,0.38,0.36,2026-08-31,2140,N21,nominal,2.0NRT,290.53,0.6,N
39.12868,63.42056,312.75,0.38,0.36,2026-08-31,2140,N21,nominal,2.0NRT,290.21,1.1,N
38.68483,65.98631,310.67,0.42,0.38,2026-08-31,2140,N21,nominal,2.0NRT,290.7,0.75,N
39.11578,63.39437,303.48,0.38,0.36,2026-08-31,2140,N21,nominal,2.0NRT,290.07,0.65,N
39.12628,63.30574,321.55,0.38,0.36,2026-08-31,2140,N21,nominal,2.0NRT,292.11,1.44,N
38.6798,65.95466,314.06,0.42,0.38,2026-08-31,2140,N21,nominal,2.0NRT,292.16,1.38,N
39.11493,63.33477,314.81,0.38,0.36,2026-08-31,2140,N21,nominal,2.0NRT,292.19,1.82,N
39.08489,63.48227,301.32,0.38,0.36,2026-08-31,2140,N21,nominal,2.0NRT,289.86,0.34,N
39.01513,63.70621,302.35,0.39,0.36,2026-08-31,2140,N21,nominal,2.0NRT,290.58,0.69,N
38.95559,63.75596,309.44,0.39,0.36,2026-08-31,2140,N21,nominal,2.0NRT,291.11,1.04,N
38.97175,63.59115,302.35,0.38,0.36,2026-08-31,2140,N21,nominal,2.0NRT,290.46,0.7,N
38.96686,63.62177,306.17,0.38,0.36,2026-08-31,2140,N21,nominal,2.0NRT,290.43,0.74,N
38.97419,63.46856,314.91,0.38,0.36,2026-08-31,2140,N21,nominal,2.0NRT,291.82,1.69,N
38.91693,63.80524,307.38,0.39,0.36,2026-08-31,2140,N21,nominal,2.0NRT,290.67,0.77,N
38.54928,65.94824,306.69,0.42,0.38,2026-08-31,2140,N21,nominal,2.0NRT,291.21,0.9,N
38.90852,63.79387,301.63,0.39,0.36,2026-08-31,2140,N21,nominal,2.0NRT,290.68,0.38,N
38.87791,63.77206,301.52,0.39,0.36,2026-08-31,2140,N21,nominal,2.0NRT,289.83,0.67,N
38.84002,63.8786,302.36,0.39,0.36,2026-08-31,2140,N21,nominal,2.0NRT,291.15,0.6,N
38.83616,63.81806,313.68,0.39,0.36,2026-08-31,2140,N21,nominal,2.0NRT,290.99,1.2,N
38.8336,63.81281,303.16,0.39,0.36,2026-08-31,2140,N21,nominal,2.0NRT,291.12,0.67,N
38.78302,63.91387,300.58,0.39,0.36,2026-08-31,2140,N21,nominal,2.0NRT,290.2,0.53,N
26.95609,55.54377,316.48,0.5,0.41,2026-08-31,2144,N21,nominal,2.0NRT,303.54,1.89,N
38.4547,65.80361,304.63,0.42,0.38,2026-08-31,2140,N21,nominal,2.0NRT,292.06,1.03,N
38.71053,63.93805,302.52,0.39,0.36,2026-08-31,2140,N21,nominal,2.0NRT,290.05,0.39,N
38.652,63.98206,305.56,0.39,0.36,2026-08-31,2140,N21,nominal,2.0NRT,289.89,0.89,N
38.05061,67.26479,329.83,0.48,0.4,2026-08-31,2140,N21,nominal,2.0NRT,294.63,8.9,N
38.45243,64.35828,301.94,0.39,0.36,2026-08-31,2140,N21,nominal,2.0NRT,291.5,0.57,N
38.43222,64.19347,306.54,0.39,0.36,2026-08-31,2140,N21,nominal,2.0NRT,291.11,0.53,N
38.28423,64.38198,306.47,0.39,0.36,2026-08-31,2140,N21,nominal,2.0NRT,291.32,0.5,N
38.16303,64.59262,306.35,0.4,0.37,2026-08-31,2140,N21,nominal,2.0NRT,292.48,0.79,N
38.11843,64.71153,306.92,0.4,0.37,2026-08-31,2140,N21,nominal,2.0NRT,292.12,0.85,N
38.0494,65.10971,309.8,0.41,0.37,2026-08-31,2140,N21,nominal,2.0NRT,293.58,0.53,N
38.08719,64.87263,305.66,0.4,0.37,2026-08-31,2140,N21,nominal,2.0NRT,291.02,0.43,N
37.93015,65.64027,306.75,0.42,0.38,2026-08-31,2140,N21,nominal,2.0NRT,292.58,1.24,N
38.05329,64.88688,323.15,0.4,0.37,2026-08-31,2140,N21,nominal,2.0NRT,293.18,2.35,N
37.95911,65.05817,302.53,0.41,0.37,2026-08-31,2140,N21,nominal,2.0NRT,291.51,0.77,N
37.96451,65.00716,307.76,0.41,0.37,2026-08-31,2140,N21,nominal,2.0NRT,292.47,1.18,N
37.90516,65.10528,306.75,0.41,0.37,2026-08-31,2140,N21,nominal,2.0NRT,293.29,0.92,N
37.88748,65.08594,308.03,0.41,0.37,2026-08-31,2140,N21,nominal,2.0NRT,293.55,0.92,N
37.88609,65.08831,305.17,0.41,0.37,2026-08-31,2140,N21,nominal,2.0NRT,293.15,0.71,N
37.8173,65.17947,307.03,0.41,0.37,2026-08-31,2140,N21,nominal,2.0NRT,293.71,0.65,N
37.80143,65.18945,303.7,0.41,0.37,2026-08-31,2140,N21,nominal,2.0NRT,293.35,0.63,N
37.74796,65.21004,303.99,0.41,0.37,2026-08-31,2140,N21,nominal,2.0NRT,293.34,0.77,N
37.67513,65.26202,303.82,0.41,0.37,2026-08-31,2140,N21,nominal,2.0NRT,293,0.91,N
37.66427,65.2832,310.42,0.41,0.37,2026-08-31,2140,N21,nominal,2.0NRT,292.67,0.95,N
37.95908,62.66508,310.58,0.38,0.36,2026-08-31,2140,N21,nominal,2.0NRT,292.54,1.33,N
25.97164,56.07117,319.59,0.46,0.39,2026-08-31,2144,N21,nominal,2.0NRT,302.78,2.25,N
37.98839,61.88084,310.21,0.39,0.36,2026-08-31,2140,N21,nominal,2.0NRT,291.92,1.08,N
25.96507,56.06542,312.44,0.46,0.39,2026-08-31,2144,N21,nominal,2.0NRT,302.43,1.75,N
37.98444,61.88446,306.34,0.39,0.36,2026-08-31,2140,N21,nominal,2.0NRT,291.83,0.95,N
25.9663,56.06782,318.06,0.46,0.39,2026-08-31,2144,N21,nominal,2.0NRT,302.67,1.85,N
37.90491,61.98487,301.63,0.39,0.36,2026-08-31,2140,N21,nominal,2.0NRT,288.03,0.48,N
25.90223,54.53242,312.71,0.54,0.42,2026-08-31,2144,N21,nominal,2.0NRT,301.48,1.01,N
37.88589,62.02106,311,0.39,0.36,2026-08-31,2140,N21,nominal,2.0NRT,290.55,1.56,N
22.39004,73.12098,309.44,0.73,0.76,2026-08-31,2144,N21,nominal,2.0NRT,270.65,4.01,N
37.79873,62.55288,309.39,0.38,0.36,2026-08-31,2140,N21,nominal,2.0NRT,291.12,1.22,N
22.3833,73.1189,311.62,0.73,0.76,2026-08-31,2144,N21,nominal,2.0NRT,268.93,2.43,N
37.79611,62.54776,307.71,0.38,0.36,2026-08-31,2140,N21,nominal,2.0NRT,291.22,1.15,N
25.57177,55.98727,314.37,0.46,0.39,2026-08-31,2144,N21,nominal,2.0NRT,302.63,1.49,N
37.79545,62.55207,311.37,0.38,0.36,2026-08-31,2140,N21,nominal,2.0NRT,291.94,1.15,N
37.78761,62.53673,331.8,0.38,0.36,2026-08-31,2140,N21,nominal,2.0NRT,294.22,3.61,N
37.78237,62.5265,308.33,0.38,0.36,2026-08-31,2140,N21,nominal,2.0NRT,291.27,0.93,N
37.82579,61.99065,300.17,0.39,0.36,2026-08-31,2140,N21,nominal,2.0NRT,289.7,0.56,N
37.77532,62.1004,301.52,0.39,0.36,2026-08-31,2140,N21,nominal,2.0NRT,290.86,0.66,N
25.30737,56.37357,320.7,0.44,0.38,2026-08-31,2144,N21,nominal,2.0NRT,301.56,1.92,N
37.84496,61.60525,315.37,0.39,0.36,2026-08-31,2140,N21,nominal,2.0NRT,292.97,1.15,N
37.77584,62.02848,310.28,0.39,0.36,2026-08-31,2140,N21,nominal,2.0NRT,291.48,1.16,N
38.25418,58.38797,308.63,0.49,0.4,2026-08-31,2140,N21,nominal,2.0NRT,293.4,1.93,N
37.7438,62.1289,318.99,0.39,0.36,2026-08-31,2140,N21,nominal,2.0NRT,291.37,1.68,N
37.74174,62.07445,307.44,0.39,0.36,2026-08-31,2140,N21,nominal,2.0NRT,289.66,0.9,N
37.72534,62.09306,320.39,0.39,0.36,2026-08-31,2140,N21,nominal,2.0NRT,292.45,2.1,N
37.75075,61.85335,313.14,0.39,0.36,2026-08-31,2140,N21,nominal,2.0NRT,289.78,1.14,N
37.79305,61.49529,310.49,0.39,0.36,2026-08-31,2140,N21,nominal,2.0NRT,292.5,1.48,N
37.66977,62.23459,310.88,0.39,0.36,2026-08-31,2140,N21,nominal,2.0NRT,291.56,1.44,N
37.66912,62.23892,318.37,0.39,0.36,2026-08-31,2140,N21,nominal,2.0NRT,292.11,1.44,N
37.6619,62.24168,302.96,0.39,0.36,2026-08-31,2140,N21,nominal,2.0NRT,290.61,0.55,N
37.65862,62.2409,304.14,0.39,0.36,2026-08-31,2140,N21,nominal,2.0NRT,290.96,0.79,N
38.21885,57.98746,305.23,0.51,0.41,2026-08-31,2140,N21,nominal,2.0NRT,291.08,1.26,N
37.65467,62.24443,310.14,0.39,0.36,2026-08-31,2140,N21,nominal,2.0NRT,290.65,0.79,N
37.64811,62.24287,301.83,0.39,0.36,2026-08-31,2140,N21,nominal,2.0NRT,289.89,0.65,N
38.19453,58.10028,301.52,0.5,0.41,2026-08-31,2140,N21,nominal,2.0NRT,290.53,0.98,N
38.19224,58.05323,303.89,0.5,0.41,2026-08-31,2140,N21,nominal,2.0NRT,291.27,1.14,N
37.68494,61.88315,301.46,0.39,0.36,2026-08-31,2140,N21,nominal,2.0NRT,288.58,0.73,N
37.63692,62.20437,318.62,0.39,0.36,2026-08-31,2140,N21,nominal,2.0NRT,291.81,1.64,N
37.6284,62.21578,310.62,0.39,0.36,2026-08-31,2140,N21,nominal,2.0NRT,291.68,1.46,N
37.62576,62.21067,315.38,0.39,0.36,2026-08-31,2140,N21,nominal,2.0NRT,292.41,1.21,N
37.62506,62.17019,320.16,0.39,0.36,2026-08-31,2140,N21,nominal,2.0NRT,292.7,2.01,N
37.625,62.12534,318.88,0.39,0.36,2026-08-31,2140,N21,nominal,2.0NRT,292.3,1.8,N
37.61976,62.13755,322.07,0.39,0.36,2026-08-31,2140,N21,nominal,2.0NRT,293.8,2.7,N
37.65406,61.90747,319.22,0.39,0.36,2026-08-31,2140,N21,nominal,2.0NRT,292.16,2.03,N
37.61911,62.14188,309.66,0.39,0.36,2026-08-31,2140,N21,nominal,2.0NRT,292.2,1.3,N
37.62922,61.96017,304.39,0.39,0.36,2026-08-31,2140,N21,nominal,2.0NRT,292.22,0.82,N
37.63042,61.72251,308.85,0.39,0.36,2026-08-31,2140,N21,nominal,2.0NRT,292.24,0.9,N
37.80577,60.33012,307.87,0.41,0.37,2026-08-31,2140,N21,nominal,2.0NRT,292.57,0.87,N
37.6101,61.60464,330.14,0.39,0.36,2026-08-31,2140,N21,nominal,2.0NRT,297.34,5,N
37.61457,61.57391,313.48,0.39,0.36,2026-08-31,2140,N21,nominal,2.0NRT,292.14,1.47,N
37.61393,61.5783,303.5,0.39,0.36,2026-08-31,2140,N21,nominal,2.0NRT,291.95,1.47,N
37.61201,61.59148,305.45,0.39,0.36,2026-08-31,2140,N21,nominal,2.0NRT,292.36,0.83,N
37.60946,61.60902,304.74,0.39,0.36,2026-08-31,2140,N21,nominal,2.0NRT,291.97,2.02,N
37.60795,61.57239,307.96,0.39,0.36,2026-08-31,2140,N21,nominal,2.0NRT,292.01,1.53,N
37.5547,61.93471,304.46,0.39,0.36,2026-08-31,2140,N21,nominal,2.0NRT,291.72,0.66,N
37.60388,61.5533,315.41,0.39,0.36,2026-08-31,2140,N21,nominal,2.0NRT,292.55,1.48,N
37.59662,61.55618,319.41,0.39,0.36,2026-08-31,2140,N21,nominal,2.0NRT,292.55,1.3,N
37.59599,61.56057,304.31,0.39,0.36,2026-08-31,2140,N21,nominal,2.0NRT,291.44,1.34,N
37.59381,61.5283,322.55,0.39,0.36,2026-08-31,2140,N21,nominal,2.0NRT,292.56,1.64,N
24.50589,56.60785,343.14,0.42,0.38,2026-08-31,2144,N21,nominal,2.0NRT,304.44,5.33,N
37.58873,61.56345,304.01,0.39,0.36,2026-08-31,2140,N21,nominal,2.0NRT,292.3,0.88,N
24.50301,56.60311,319.65,0.42,0.38,2026-08-31,2144,N21,nominal,2.0NRT,305.04,5.33,N
37.55487,61.79527,303.56,0.39,0.36,2026-08-31,2140,N21,nominal,2.0NRT,292.47,0.58,N
37.5905,61.52755,310.29,0.39,0.36,2026-08-31,2140,N21,nominal,2.0NRT,292.58,1.64,N
37.58541,61.56269,306.29,0.39,0.36,2026-08-31,2140,N21,nominal,2.0NRT,293.39,0.88,N
24.47176,56.63253,316.24,0.42,0.38,2026-08-31,2144,N21,nominal,2.0NRT,302.74,1.42,N
37.5821,61.56194,304.69,0.39,0.36,2026-08-31,2140,N21,nominal,2.0NRT,291.74,1.42,N
24.46714,56.64026,315.3,0.42,0.38,2026-08-31,2144,N21,nominal,2.0NRT,302.73,1.65,N
37.50244,61.98738,314.8,0.39,0.36,2026-08-31,2140,N21,nominal,2.0NRT,291.38,0.85,N
37.72697,60.36893,302.7,0.41,0.37,2026-08-31,2140,N21,nominal,2.0NRT,291.93,0.36,N
24.45462,56.5532,320.86,0.43,0.38,2026-08-31,2144,N21,nominal,2.0NRT,303.84,1.72,N
37.94778,58.58931,303.07,0.48,0.4,2026-08-31,2140,N21,nominal,2.0NRT,291.94,0.58,N
37.48335,61.97841,307.27,0.39,0.36,2026-08-31,2140,N21,nominal,2.0NRT,292.42,0.48,N
37.47881,62.00872,309.05,0.39,0.36,2026-08-31,2140,N21,nominal,2.0NRT,291.67,1.16,N
37.94007,58.56032,305.38,0.48,0.4,2026-08-31,2140,N21,nominal,2.0NRT,292.65,0.99,N
37.93942,58.56572,304.6,0.48,0.4,2026-08-31,2140,N21,nominal,2.0NRT,292.43,1,N
37.49617,61.84674,339.19,0.39,0.36,2026-08-31,2140,N21,nominal,2.0NRT,295.47,4.49,N
37.42262,62.31267,320.79,0.38,0.36,2026-08-31,2140,N21,nominal,2.0NRT,291.67,1.67,N
37.42327,62.30836,307.84,0.38,0.36,2026-08-31,2140,N21,nominal,2.0NRT,290.75,1.69,N
37.40622,62.30875,300.94,0.38,0.36,2026-08-31,2140,N21,nominal,2.0NRT,290.37,0.49,N
37.39506,62.315,308.32,0.38,0.36,2026-08-31,2140,N21,nominal,2.0NRT,292.43,0.82,N
37.62275,60.43997,308.31,0.41,0.37,2026-08-31,2142,N21,nominal,2.0NRT,292.58,0.96,N
37.6333,60.33718,315.48,0.41,0.37,2026-08-31,2142,N21,nominal,2.0NRT,292.78,1.08,N
37.63267,60.34184,302.46,0.41,0.37,2026-08-31,2142,N21,nominal,2.0NRT,292.43,1.08,N
37.61889,60.39149,304.69,0.41,0.37,2026-08-31,2142,N21,nominal,2.0NRT,292.95,0.86,N
37.51136,61.01525,318.29,0.4,0.37,2026-08-31,2142,N21,nominal,2.0NRT,294.89,1.88,N
37.50277,61.02719,307.78,0.4,0.37,2026-08-31,2142,N21,nominal,2.0NRT,293.89,1.26,N
37.82689,58.3839,308.02,0.48,0.4,2026-08-31,2142,N21,nominal,2.0NRT,291.04,1.15,N
37.48688,60.46005,312.49,0.41,0.37,2026-08-31,2142,N21,nominal,2.0NRT,292.35,1.18,N
37.34572,61.36383,309.03,0.39,0.36,2026-08-31,2142,N21,nominal,2.0NRT,292.79,0.9,N
37.36612,61.0535,305.88,0.4,0.37,2026-08-31,2142,N21,nominal,2.0NRT,292.33,0.75,N
37.38682,60.75765,309.05,0.4,0.37,2026-08-31,2142,N21,nominal,2.0NRT,290.75,0.89,N
37.32709,61.08613,314.39,0.4,0.37,2026-08-31,2142,N21,nominal,2.0NRT,292.84,1.91,N
37.32584,61.09501,316.43,0.4,0.37,2026-08-31,2142,N21,nominal,2.0NRT,293.15,1.78,N
37.11785,62.36465,324.74,0.38,0.36,2026-08-31,2142,N21,nominal,2.0NRT,294.13,3.52,N
23.55513,58.20176,317.6,0.39,0.36,2026-08-31,2146,N21,nominal,2.0NRT,301.76,1.45,N
37.11851,62.36036,304.41,0.38,0.36,2026-08-31,2142,N21,nominal,2.0NRT,292.7,3.52,N
37.11457,62.36386,311.89,0.38,0.36,2026-08-31,2142,N21,nominal,2.0NRT,293.27,1.77,N
37.35639,60.46777,305.37,0.41,0.37,2026-08-31,2142,N21,nominal,2.0NRT,293.17,0.9,N
23.48203,58.28129,320.47,0.39,0.36,2026-08-31,2146,N21,nominal,2.0NRT,304.16,1.47,N
37.03195,62.41491,321.18,0.38,0.36,2026-08-31,2142,N21,nominal,2.0NRT,294.16,1.91,N
37.03129,62.41919,321.57,0.38,0.36,2026-08-31,2142,N21,nominal,2.0NRT,295.66,3.44,N
37.17871,60.86483,304.66,0.4,0.37,2026-08-31,2142,N21,nominal,2.0NRT,290.79,0.95,N
37.21703,60.02348,307.14,0.42,0.38,2026-08-31,2142,N21,nominal,2.0NRT,292.05,1.37,N
37.45253,57.68729,308.53,0.51,0.41,2026-08-31,2142,N21,nominal,2.0NRT,293.29,1.71,N
37.03158,60.68426,300.9,0.4,0.37,2026-08-31,2142,N21,nominal,2.0NRT,290.46,0.59,N
36.47683,61.62393,305.68,0.39,0.36,2026-08-31,2142,N21,nominal,2.0NRT,294.71,2.61,N
36.43757,61.21959,321.1,0.39,0.36,2026-08-31,2142,N21,nominal,2.0NRT,294.16,1.94,N
36.99031,56.23081,306.7,0.4,0.44,2026-08-31,2142,N21,nominal,2.0NRT,291.49,0.86,N
35.98313,63.6402,318.13,0.39,0.36,2026-08-31,2142,N21,nominal,2.0NRT,292.34,1.65,N
36.49915,59.33419,305.35,0.43,0.38,2026-08-31,2142,N21,nominal,2.0NRT,291.51,0.86,N
35.94823,62.91684,304.16,0.39,0.36,2026-08-31,2142,N21,nominal,2.0NRT,294.04,0.65,N
36.44585,59.40474,309.38,0.43,0.38,2026-08-31,2142,N21,nominal,2.0NRT,291.94,1.63,N
35.90655,62.9638,312.62,0.39,0.36,2026-08-31,2142,N21,nominal,2.0NRT,294.21,1.5,N
36.2693,59.65136,308.29,0.42,0.38,2026-08-31,2142,N21,nominal,2.0NRT,292.9,0.94,N
36.23759,59.73081,308.62,0.42,0.38,2026-08-31,2142,N21,nominal,2.0NRT,291.81,1.38,N
36.29527,54.78555,305.98,0.46,0.47,2026-08-31,2142,N21,nominal,2.0NRT,292.4,1.16,N
35.92308,57.83453,302.23,0.49,0.4,2026-08-31,2142,N21,nominal,2.0NRT,289.67,0.59,N
22.6614,59.40939,314.46,0.39,0.36,2026-08-31,2146,N21,nominal,2.0NRT,301.71,0.86,N
22.6608,59.41314,313.47,0.39,0.36,2026-08-31,2146,N21,nominal,2.0NRT,301.31,0.86,N
23.18881,55.45914,321.13,0.46,0.39,2026-08-31,2146,N21,nominal,2.0NRT,303.12,2.9,N
23.30979,54.17888,335.19,0.53,0.42,2026-08-31,2146,N21,nominal,2.0NRT,302.11,4.87,N
22.92504,55.80349,320.07,0.44,0.38,2026-08-31,2146,N21,nominal,2.0NRT,300.56,1.64,N
22.87943,55.92628,334.2,0.44,0.38,2026-08-31,2146,N21,nominal,2.0NRT,303.35,7.3,N
22.78262,55.81628,316.46,0.44,0.38,2026-08-31,2146,N21,nominal,2.0NRT,301.64,1.3,N
22.67375,56.25122,312.53,0.42,0.38,2026-08-31,2146,N21,nominal,2.0NRT,300.7,1.29,N
22.40692,56.9874,321.82,0.4,0.37,2026-08-31,2146,N21,nominal,2.0NRT,301.03,1.64,N
22.40636,56.99126,314.41,0.4,0.37,2026-08-31,2146,N21,nominal,2.0NRT,300.15,1.44,N
22.32828,56.48898,338.54,0.41,0.37,2026-08-31,2146,N21,nominal,2.0NRT,303.56,6.43,N
22.3278,56.48977,333.96,0.41,0.37,2026-08-31,2146,N21,nominal,2.0NRT,303.86,7.02,N
22.32669,56.47334,331.32,0.41,0.37,2026-08-31,2146,N21,nominal,2.0NRT,305.61,4.17,N
21.9354,57.07465,328.54,0.4,0.37,2026-08-31,2146,N21,nominal,2.0NRT,300.35,6.02,N
21.89077,56.84801,325.14,0.4,0.37,2026-08-31,2146,N21,nominal,2.0NRT,300.68,1.78,N
21.80101,57.09231,324.88,0.4,0.37,2026-08-31,2146,N21,nominal,2.0NRT,299.55,1.7,N
21.83422,56.68073,330.08,0.4,0.37,2026-08-31,2146,N21,nominal,2.0NRT,301.24,3.1,N
21.6628,56.41317,328.05,0.41,0.37,2026-08-31,2146,N21,nominal,2.0NRT,299.98,2.88,N
21.46179,57.24443,321.21,0.39,0.36,2026-08-31,2146,N21,nominal,2.0NRT,299.33,0.91,N
21.33516,57.72313,316.85,0.39,0.36,2026-08-31,2146,N21,nominal,2.0NRT,297.86,1.64,N
21.32196,57.72084,307.8,0.39,0.36,2026-08-31,2146,N21,nominal,2.0NRT,297.35,1.37,N
21.31866,57.72026,320.68,0.39,0.36,2026-08-31,2146,N21,nominal,2.0NRT,297.62,1.37,N
21.31199,57.74178,323.05,0.39,0.36,2026-08-31,2146,N21,nominal,2.0NRT,297.53,2.62,N
21.31142,57.74547,331.21,0.39,0.36,2026-08-31,2146,N21,nominal,2.0NRT,298.26,2.62,N
21.30353,57.79712,326.36,0.39,0.36,2026-08-31,2146,N21,nominal,2.0NRT,298.38,1.5,N
21.30714,57.70689,321.98,0.39,0.36,2026-08-31,2146,N21,nominal,2.0NRT,297.99,1.38,N
21.2973,57.68245,309.62,0.39,0.36,2026-08-31,2146,N21,nominal,2.0NRT,297.31,0.74,N
21.37693,56.71739,331.7,0.4,0.37,2026-08-31,2146,N21,nominal,2.0NRT,300.54,4.27,N
21.40852,55.74089,315.72,0.43,0.38,2026-08-31,2146,N21,nominal,2.0NRT,301.96,1.56,N
21.24475,56.34773,311.74,0.41,0.37,2026-08-31,2146,N21,nominal,2.0NRT,299.04,0.77,N
20.98729,56.77552,308.81,0.4,0.37,2026-08-31,2146,N21,nominal,2.0NRT,298.18,0.35,N
20.55776,56.42149,316.76,0.4,0.37,2026-08-31,2146,N21,nominal,2.0NRT,297.95,1.15,N
20.37627,55.93452,331.13,0.42,0.37,2026-08-31,2146,N21,nominal,2.0NRT,300.08,3.87,N
20.38664,55.66238,330.39,0.42,0.38,2026-08-31,2146,N21,nominal,2.0NRT,299.56,4.1,N
20.38545,55.64563,329.31,0.42,0.38,2026-08-31,2146,N21,nominal,2.0NRT,299.54,2.01,N
20.3863,55.64689,325.43,0.42,0.38,2026-08-31,2146,N21,nominal,2.0NRT,298.98,2.57,N
20.21229,55.71013,326.42,0.42,0.38,2026-08-31,2146,N21,nominal,2.0NRT,298.3,1.58,N
18.32407,55.10411,329.13,0.43,0.38,2026-08-31,2146,N21,nominal,2.0NRT,298.07,3.66,N
18.3206,55.10358,339.02,0.43,0.38,2026-08-31,2146,N21,nominal,2.0NRT,300.78,3.66,N
18.01228,54.57114,332.83,0.45,0.39,2026-08-31,2146,N21,nominal,2.0NRT,305.25,10.35,N
23.09925,101.16467,325.31,0.55,0.68,2026-09-01,0536,N21,nominal,2.0NRT,295.77,6.16,D
23.09881,101.16599,327.2,0.55,0.68,2026-09-01,0536,N21,nominal,2.0NRT,295.21,6.39,D
25.78834,101.82743,326.94,0.44,0.62,2026-09-01,0536,N21,low,2.0NRT,301.66,6.04,D
26.57477,101.66924,325.85,0.43,0.62,2026-09-01,0536,N21,low,2.0NRT,299.8,4.49,D
26.57362,101.66439,330.51,0.43,0.62,2026-09-01,0536,N21,nominal,2.0NRT,299.91,4.49,D
36.65713,101.55399,329.37,0.51,0.49,2026-09-01,0540,N21,nominal,2.0NRT,298.06,6.85,D
36.75555,101.56012,339.79,0.51,0.49,2026-09-01,0540,N21,nominal,2.0NRT,300.85,5.81,D
38.23345,101.93394,337.42,0.45,0.47,2026-09-01,0540,N21,nominal,2.0NRT,304.17,5.15,D
38.26402,101.99099,336.67,0.45,0.47,2026-09-01,0540,N21,nominal,2.0NRT,305.32,2.76,D
6.7114,81.58937,348.86,0.48,0.65,2026-09-01,0712,N21,nominal,2.0NRT,292.68,15.12,D
6.71725,81.58833,346.15,0.48,0.65,2026-09-01,0712,N21,nominal,2.0NRT,292.26,6.9,D
6.60747,80.93373,332.41,0.53,0.67,2026-09-01,0712,N21,nominal,2.0NRT,289.22,5.76,D
6.82114,81.49781,330.96,0.48,0.65,2026-09-01,0712,N21,nominal,2.0NRT,287.17,3.37,D
6.8405,81.57301,335.52,0.48,0.64,2026-09-01,0712,N21,nominal,2.0NRT,291.61,9.7,D
6.83964,81.57272,338.2,0.48,0.64,2026-09-01,0712,N21,nominal,2.0NRT,291.77,11.85,D
7.16898,81.5699,330.42,0.47,0.64,2026-09-01,0712,N21,nominal,2.0NRT,294.73,3.6,D
7.16885,81.56881,334.2,0.47,0.64,2026-09-01,0712,N21,nominal,2.0NRT,292.95,2.83,D
7.21728,81.7672,333.12,0.46,0.63,2026-09-01,0712,N21,nominal,2.0NRT,296.56,1.91,D
7.30622,81.76859,335.28,0.45,0.63,2026-09-01,0712,N21,nominal,2.0NRT,293.85,6.77,D
7.30749,81.76774,336.36,0.45,0.63,2026-09-01,0712,N21,nominal,2.0NRT,293.75,2.86,D
7.32363,81.56375,345.64,0.47,0.64,2026-09-01,0712,N21,nominal,2.0NRT,297.29,7.09,D
7.38272,81.79197,339.72,0.45,0.63,2026-09-01,0712,N21,nominal,2.0NRT,295.57,3.72,D
7.39058,81.77007,343.39,0.45,0.63,2026-09-01,0712,N21,nominal,2.0NRT,297.46,4.93,D
7.36664,81.10676,333.48,0.5,0.66,2026-09-01,0712,N21,nominal,2.0NRT,295.58,8.66,D
7.36582,81.10229,340.8,0.5,0.66,2026-09-01,0712,N21,nominal,2.0NRT,297.76,8.66,D
7.52218,81.37037,330.62,0.48,0.65,2026-09-01,0712,N21,nominal,2.0NRT,297.88,7.17,D
7.57215,81.3828,331.7,0.48,0.64,2026-09-01,0712,N21,nominal,2.0NRT,296.4,9.97,D
7.57381,81.06113,347.51,0.5,0.66,2026-09-01,0712,N21,nominal,2.0NRT,297.64,8.22,D
7.94428,81.31894,339.66,0.48,0.64,2026-09-01,0712,N21,nominal,2.0NRT,298.04,6.41,D
7.94351,81.31474,330.37,0.48,0.64,2026-09-01,0712,N21,nominal,2.0NRT,297.19,6.41,D
8.03915,81.28013,334.42,0.48,0.64,2026-09-01,0712,N21,nominal,2.0NRT,297.09,6.98,D
7.9692,80.59388,335.14,0.53,0.67,2026-09-01,0712,N21,nominal,2.0NRT,292.65,7.46,D
8.11285,81.12814,335.44,0.49,0.65,2026-09-01,0712,N21,nominal,2.0NRT,294.83,7.04,D
8.11205,81.12383,332.56,0.49,0.65,2026-09-01,0712,N21,nominal,2.0NRT,296.16,10.07,D
8.30814,81.01736,333.6,0.49,0.65,2026-09-01,0714,N21,nominal,2.0NRT,291.72,7.86,D
8.40332,81.04671,367,0.49,0.65,2026-09-01,0714,N21,high,2.0NRT,296.8,25.81,D
8.38633,80.82423,336.66,0.5,0.66,2026-09-01,0714,N21,nominal,2.0NRT,294.84,8.1,D
8.38549,80.8197,331.03,0.51,0.66,2026-09-01,0714,N21,nominal,2.0NRT,295.74,8.1,D
8.43838,80.80535,332.05,0.51,0.66,2026-09-01,0714,N21,nominal,2.0NRT,297.07,7.21,D
8.40153,80.62936,333.23,0.52,0.67,2026-09-01,0714,N21,nominal,2.0NRT,294.88,7.65,D
8.46502,80.80076,334.22,0.5,0.66,2026-09-01,0714,N21,nominal,2.0NRT,294.68,4.86,D
8.41019,80.40926,330.06,0.54,0.68,2026-09-01,0714,N21,nominal,2.0NRT,293.49,3.7,D
8.42441,80.4514,335.35,0.53,0.67,2026-09-01,0714,N21,nominal,2.0NRT,293.71,4.99,D
8.40674,80.25502,367,0.55,0.68,2026-09-01,0714,N21,high,2.0NRT,294.07,20.93,D
8.46624,80.40448,336.17,0.54,0.68,2026-09-01,0714,N21,nominal,2.0NRT,291.02,7.32,D
8.46535,80.39966,333.49,0.54,0.68,2026-09-01,0714,N21,nominal,2.0NRT,293.25,7,D
8.51987,80.59413,332.8,0.52,0.67,2026-09-01,0714,N21,nominal,2.0NRT,293.92,4.57,D
8.51833,80.77255,330.05,0.51,0.66,2026-09-01,0714,N21,nominal,2.0NRT,295.95,3.93,D
8.46658,80.4045,338.18,0.54,0.68,2026-09-01,0714,N21,nominal,2.0NRT,291.45,7.16,D
8.46566,80.3997,334.71,0.54,0.68,2026-09-01,0714,N21,nominal,2.0NRT,293.24,9.48,D
8.51548,80.59484,343.26,0.52,0.67,2026-09-01,0714,N21,nominal,2.0NRT,293.55,6.03,D
8.57219,80.76335,345.17,0.51,0.66,2026-09-01,0714,N21,nominal,2.0NRT,297.84,12.24,D
8.68167,81.02359,334.61,0.48,0.65,2026-09-01,0714,N21,nominal,2.0NRT,294.54,7.32,D
8.66219,80.884,332.07,0.49,0.65,2026-09-01,0714,N21,nominal,2.0NRT,296.59,9.61,D
8.65176,80.82707,349.46,0.5,0.66,2026-09-01,0714,N21,nominal,2.0NRT,295.36,7.6,D
8.68581,81.02026,353.74,0.48,0.65,2026-09-01,0714,N21,nominal,2.0NRT,290.85,9.44,D
8.64862,80.82517,346.23,0.5,0.66,2026-09-01,0714,N21,nominal,2.0NRT,294.29,6.28,D
8.67462,80.89732,333.49,0.49,0.65,2026-09-01,0714,N21,nominal,2.0NRT,296.38,6.35,D
8.69019,80.81751,332.43,0.5,0.66,2026-09-01,0714,N21,nominal,2.0NRT,298.19,15.55,D
8.69613,80.81642,335.84,0.5,0.66,2026-09-01,0714,N21,nominal,2.0NRT,297.88,11.59,D
8.79095,80.87604,330.73,0.49,0.65,2026-09-01,0714,N21,nominal,2.0NRT,295.83,8.09,D
9.02386,80.16743,343.87,0.55,0.68,2026-09-01,0714,N21,nominal,2.0NRT,294.87,6.69,D
8.60666,77.96648,345.72,0.79,0.78,2026-09-01,0714,N21,nominal,2.0NRT,293.74,16.02,D
9.1143,80.27499,338.23,0.53,0.67,2026-09-01,0714,N21,nominal,2.0NRT,297.66,6.34,D
8.69465,78.05344,333.02,0.77,0.77,2026-09-01,0714,N21,nominal,2.0NRT,296,5.99,D
9.25485,80.28175,339.79,0.53,0.67,2026-09-01,0714,N21,nominal,2.0NRT,298.03,11.2,D
9.25305,80.2723,337.98,0.53,0.67,2026-09-01,0714,N21,nominal,2.0NRT,298.23,16.27,D
9.39192,80.43458,339.99,0.51,0.66,2026-09-01,0714,N21,nominal,2.0NRT,296.83,8.13,D
9.41682,80.40154,355.11,0.52,0.67,2026-09-01,0714,N21,nominal,2.0NRT,298.05,17.61,D
9.42457,80.40965,367,0.52,0.67,2026-09-01,0714,N21,high,2.0NRT,297.45,21.12,D
9.42543,80.41423,348.55,0.52,0.67,2026-09-01,0714,N21,nominal,2.0NRT,297.09,18.66,D
9.42039,80.41064,335.58,0.52,0.66,2026-09-01,0714,N21,nominal,2.0NRT,296.58,12.21,D
9.4186,80.40147,349.15,0.52,0.67,2026-09-01,0714,N21,nominal,2.0NRT,297.98,8.13,D
9.41771,80.39689,332.31,0.52,0.67,2026-09-01,0714,N21,nominal,2.0NRT,297.25,8.13,D
9.42642,80.40956,367,0.52,0.66,2026-09-01,0714,N21,high,2.0NRT,297.61,12.21,D
9.42731,80.41415,336.19,0.52,0.66,2026-09-01,0714,N21,nominal,2.0NRT,297.09,16.15,D
9.5339,80.38524,348.83,0.52,0.67,2026-09-01,0714,N21,nominal,2.0NRT,298.05,11.05,D
9.5355,80.38216,352.5,0.52,0.66,2026-09-01,0714,N21,nominal,2.0NRT,298.21,9.46,D
10.3891,79.27283,340.75,0.59,0.7,2026-09-01,0714,N21,nominal,2.0NRT,293.63,6.32,D
10.77498,78.64761,339.35,0.64,0.72,2026-09-01,0714,N21,nominal,2.0NRT,298.22,9.28,D
11.15095,78.03052,334.43,0.7,0.75,2026-09-01,0714,N21,nominal,2.0NRT,293.33,14.18,D
11.14715,78.03418,342.27,0.7,0.75,2026-09-01,0714,N21,nominal,2.0NRT,292.94,8.84,D
11.23065,78.08495,331.82,0.69,0.74,2026-09-01,0714,N21,nominal,2.0NRT,295.11,5.38,D
11.84292,78.90423,338.89,0.59,0.7,2026-09-01,0714,N21,nominal,2.0NRT,296.6,12.68,D
15.7039,99.75574,344.92,0.38,0.59,2026-09-01,0714,N21,nominal,2.0NRT,288.58,5.85,D
15.78675,99.76369,334.52,0.38,0.59,2026-09-01,0714,N21,nominal,2.0NRT,288.48,3.9,D
15.78429,99.76498,329.78,0.38,0.59,2026-09-01,0714,N21,nominal,2.0NRT,288.59,4.49,D
12.70483,79.3057,335.48,0.53,0.67,2026-09-01,0714,N21,nominal,2.0NRT,295.2,4.05,D
12.82289,79.10335,333.2,0.55,0.68,2026-09-01,0714,N21,nominal,2.0NRT,294.83,5.79,D
12.9195,79.45843,337.1,0.52,0.67,2026-09-01,0714,N21,nominal,2.0NRT,290.6,4.66,D
17.0825,99.53908,334.02,0.39,0.59,2026-09-01,0714,N21,nominal,2.0NRT,281.29,5,D
17.08211,99.53546,343.12,0.38,0.59,2026-09-01,0714,N21,nominal,2.0NRT,281.52,6.33,D
17.55967,101.34721,326.77,0.52,0.67,2026-09-01,0714,N21,nominal,2.0NRT,287.92,4.03,D
14.26651,79.09661,340.26,0.51,0.66,2026-09-01,0714,N21,nominal,2.0NRT,285.82,2.99,D
14.26936,79.09819,334.88,0.51,0.66,2026-09-01,0714,N21,nominal,2.0NRT,285.69,5.89,D
14.43295,77.70949,338.48,0.63,0.72,2026-09-01,0714,N21,nominal,2.0NRT,287.65,11.05,D
14.97559,79.35465,332.13,0.48,0.65,2026-09-01,0714,N21,nominal,2.0NRT,289.04,2.02,D
14.97541,79.35614,330.4,0.48,0.65,2026-09-01,0714,N21,nominal,2.0NRT,288.52,4.59,D
15.16886,80.03398,337.89,0.43,0.62,2026-09-01,0714,N21,nominal,2.0NRT,290.91,9.24,D
15.27038,79.58337,333.62,0.46,0.63,2026-09-01,0714,N21,nominal,2.0NRT,288.42,4.71,D
16.11085,81.14068,335.18,0.34,0.56,2026-09-01,0716,N21,nominal,2.0NRT,289.37,2.67,D
15.88671,79.82129,337.9,0.43,0.62,2026-09-01,0716,N21,nominal,2.0NRT,289.62,5.45,D
16.85769,80.79336,340.49,0.35,0.57,2026-09-01,0716,N21,nominal,2.0NRT,288.83,5.17,D
17.40365,80.95362,336.38,0.34,0.56,2026-09-01,0716,N21,nominal,2.0NRT,288.08,3.34,D
22.79331,100.87498,332.58,0.55,0.68,2026-09-01,0716,N21,nominal,2.0NRT,297.09,3.91,D
23.08903,101.16095,338.23,0.58,0.7,2026-09-01,0716,N21,nominal,2.0NRT,299.66,9.37,D
23.08495,101.1611,327.43,0.58,0.7,2026-09-01,0716,N21,nominal,2.0NRT,294.79,8.93,D
23.24108,101.61373,335.05,0.62,0.72,2026-09-01,0716,N21,nominal,2.0NRT,295.25,8.12,D
23.24019,101.61237,332.07,0.62,0.72,2026-09-01,0716,N21,nominal,2.0NRT,295.15,9.56,D
23.44311,100.45747,334.05,0.53,0.67,2026-09-01,0716,N21,nominal,2.0NRT,293.13,6.11,D
23.8285,101.78009,367,0.65,0.73,2026-09-01,0716,N21,high,2.0NRT,296,23.13,D
26.57403,101.66475,330.09,0.68,0.74,2026-09-01,0718,N21,nominal,2.0NRT,298.8,9.68,D
26.57654,101.66647,333.95,0.68,0.74,2026-09-01,0718,N21,nominal,2.0NRT,298.46,10.27,D
7.24555,100.42451,340.41,0.32,0.55,2026-09-01,0712,N21,nominal,2.0NRT,279.67,11.71,D
7.24436,100.41577,338.74,0.32,0.55,2026-09-01,0712,N21,nominal,2.0NRT,285.36,27.96,D
7.24356,100.40996,351.34,0.32,0.55,2026-09-01,0712,N21,nominal,2.0NRT,280.47,39,D
7.24317,100.40704,337.75,0.32,0.55,2026-09-01,0712,N21,nominal,2.0NRT,276.03,39.77,D
7.24277,100.40414,328.18,0.32,0.55,2026-09-01,0712,N21,nominal,2.0NRT,271.83,39.77,D
7.24515,100.4216,355.61,0.32,0.55,2026-09-01,0712,N21,low,2.0NRT,281.88,11.71,D
7.24475,100.41869,355.58,0.32,0.55,2026-09-01,0712,N21,low,2.0NRT,285.65,27.96,D
7.24396,100.41286,355.58,0.32,0.55,2026-09-01,0712,N21,low,2.0NRT,282.65,39,D
7.24897,100.41216,367,0.32,0.55,2026-09-01,0712,N21,high,2.0NRT,291.04,39,D
7.25017,100.42091,330.4,0.32,0.55,2026-09-01,0712,N21,nominal,2.0NRT,281.56,11.71,D
7.24977,100.41798,344.98,0.32,0.55,2026-09-01,0712,N21,nominal,2.0NRT,282.22,27.96,D
7.24858,100.40925,348.03,0.32,0.55,2026-09-01,0712,N21,nominal,2.0NRT,287.79,39,D
7.24818,100.40633,339.6,0.32,0.55,2026-09-01,0712,N21,nominal,2.0NRT,285.8,39.77,D
7.24937,100.41507,355.97,0.32,0.55,2026-09-01,0712,N21,low,2.0NRT,284.88,27.96,D
7.25359,100.40855,327.53,0.32,0.55,2026-09-01,0712,N21,nominal,2.0NRT,280.22,6.15,D
31.1218,74.69038,353.18,0.42,0.61,2026-09-01,0720,N21,nominal,2.0NRT,293.24,13.13,D
31.1214,74.69007,350.72,0.42,0.61,2026-09-01,0720,N21,nominal,2.0NRT,292.99,10.48,D
39.42419,87.48053,367,0.45,0.39,2026-09-01,0722,N21,low,2.0NRT,325.65,5.88,D
39.42356,87.47536,367,0.45,0.39,2026-09-01,0722,N21,low,2.0NRT,325.72,5.88,D
39.4271,87.47468,367,0.45,0.39,2026-09-01,0722,N21,high,2.0NRT,325.25,2.69,D
39.42772,87.47978,367,0.45,0.39,2026-09-01,0722,N21,low,2.0NRT,325.03,2.69,D
39.42647,87.46955,322.32,0.45,0.39,2026-09-01,0722,N21,low,2.0NRT,322.62,4.17,D
39.43063,87.47395,367,0.45,0.39,2026-09-01,0722,N21,high,2.0NRT,325.89,2.69,D
39.43125,87.47902,367,0.45,0.39,2026-09-01,0722,N21,low,2.0NRT,328.07,2.69,D
39.43,87.46887,322.4,0.45,0.39,2026-09-01,0722,N21,low,2.0NRT,322.91,4.17,D
39.43478,87.47823,367,0.45,0.39,2026-09-01,0722,N21,low,2.0NRT,327.49,6.7,D
39.43416,87.47322,367,0.45,0.39,2026-09-01,0722,N21,low,2.0NRT,327.29,6.7,D
39.43354,87.46816,323.5,0.45,0.39,2026-09-01,0722,N21,low,2.0NRT,323.64,9.05,D
38.05264,67.26131,367,0.69,0.74,2026-09-01,0722,N21,high,2.0NRT,308.18,13.36,D
39.85014,66.71445,335.7,0.65,0.73,2026-09-01,0722,N21,nominal,2.0NRT,296.75,6.52,D
8.95145,77.77085,345.86,0.53,0.67,2026-09-01,0854,N21,nominal,2.0NRT,300.27,4.04,D
8.95153,77.77248,336.6,0.53,0.67,2026-09-01,0854,N21,nominal,2.0NRT,300.01,4.11,D
9.11347,77.46972,367,0.51,0.66,2026-09-01,0854,N21,high,2.0NRT,299.16,9.51,D
9.59852,77.79555,335.09,0.54,0.68,2026-09-01,0854,N21,nominal,2.0NRT,296.83,12.55,D
9.5979,77.7906,343.48,0.54,0.68,2026-09-01,0854,N21,nominal,2.0NRT,299.17,18.25,D
10.01406,78.08731,332.78,0.58,0.7,2026-09-01,0854,N21,nominal,2.0NRT,297.7,3.52,D
10.8313,78.8009,336.72,0.66,0.73,2026-09-01,0854,N21,nominal,2.0NRT,294.99,5.56,D
19.5703,71.35628,339.27,0.54,0.51,2026-09-01,0856,N21,nominal,2.0NRT,286.58,8.73,D
18.01223,54.56967,352.2,0.38,0.59,2026-09-01,0858,N21,nominal,2.0NRT,313.98,11.13,D
18.01295,54.57316,355.9,0.38,0.59,2026-09-01,0858,N21,low,2.0NRT,317.97,13.25,D
18.31907,55.10263,353.62,0.35,0.56,2026-09-01,0858,N21,nominal,2.0NRT,316.15,3.58,D
19.26854,56.17662,342.87,0.56,0.52,2026-09-01,0858,N21,low,2.0NRT,315.05,3.42,D
20.3774,55.9345,347.45,0.56,0.51,2026-09-01,0858,N21,nominal,2.0NRT,315.48,3.24,D
21.30274,57.799,341.53,0.41,0.45,2026-09-01,0858,N21,low,2.0NRT,316.15,0.41,D
21.30956,57.74502,344.89,0.41,0.45,2026-09-01,0858,N21,low,2.0NRT,318.31,2.2,D
21.31363,57.74417,346.6,0.41,0.45,2026-09-01,0858,N21,low,2.0NRT,318.11,3.34,D
21.31325,57.74361,346.79,0.41,0.45,2026-09-01,0858,N21,low,2.0NRT,318.08,3.03,D
21.30645,57.70835,341.61,0.42,0.45,2026-09-01,0858,N21,low,2.0NRT,315.88,0.46,D
21.29328,57.09864,346.07,0.45,0.47,2026-09-01,0858,N21,low,2.0NRT,318.79,3.73,D
21.3348,56.6972,353.35,0.48,0.48,2026-09-01,0858,N21,nominal,2.0NRT,321.95,17.08,D
23.33648,69.71748,344.43,0.47,0.48,2026-09-01,0858,N21,nominal,2.0NRT,297.19,12,D
21.66257,56.41151,346.11,0.49,0.49,2026-09-01,0858,N21,low,2.0NRT,318.15,1.31,D
21.83451,56.68248,345.73,0.47,0.48,2026-09-01,0858,N21,low,2.0NRT,319.5,3.83,D
21.93666,57.0743,346.62,0.44,0.46,2026-09-01,0858,N21,nominal,2.0NRT,319.39,6.36,D
22.4069,56.98843,345.35,0.44,0.46,2026-09-01,0858,N21,low,2.0NRT,318.55,2.35,D
22.32698,56.49184,345.76,0.47,0.48,2026-09-01,0858,N21,low,2.0NRT,320.71,3.05,D
22.88137,55.92729,352.48,0.5,0.49,2026-09-01,0858,N21,low,2.0NRT,324.67,6.91,D
22.88674,55.93105,367,0.5,0.49,2026-09-01,0858,N21,low,2.0NRT,325.18,1.08,D
22.52302,54.04938,346.26,0.33,0.56,2026-09-01,0858,N21,low,2.0NRT,320.78,2.75,D
22.77977,54.72646,346.83,0.6,0.53,2026-09-01,0858,N21,low,2.0NRT,320.81,5.59,D
23.27885,54.25864,347.02,0.62,0.54,2026-09-01,0858,N21,low,2.0NRT,317.61,4.45,D
24.50481,56.60661,346.19,0.42,0.45,2026-09-01,0858,N21,nominal,2.0NRT,313.47,19.82,D
24.98868,55.62662,349.34,0.47,0.48,2026-09-01,0858,N21,low,2.0NRT,322.41,4.33,D
33.23684,71.51589,331.52,0.39,0.6,2026-09-01,0900,N21,nominal,2.0NRT,292.09,1.57,D
28.23834,67.94341,342.24,0.42,0.45,2026-09-01,0900,N21,nominal,2.0NRT,304.98,6.14,D
28.30462,67.87436,348.75,0.42,0.45,2026-09-01,0900,N21,nominal,2.0NRT,306.27,5.71,D
27.16822,56.05492,349.58,0.41,0.45,2026-09-01,0900,N21,nominal,2.0NRT,314.06,8.77,D
27.16742,56.05093,345.77,0.41,0.45,2026-09-01,0900,N21,nominal,2.0NRT,315.23,8.77,D
27.17786,56.061,344.56,0.41,0.45,2026-09-01,0900,N21,nominal,2.0NRT,313.2,11.97,D
35.76958,63.11222,345.92,0.45,0.39,2026-09-01,0902,N21,nominal,2.0NRT,316.78,12.38,D
37.03241,62.41645,347.26,0.44,0.38,2026-09-01,0902,N21,low,2.0NRT,318.14,11.48,D
37.42295,62.31221,336.14,0.44,0.38,2026-09-01,0902,N21,nominal,2.0NRT,307.29,3.05,D
37.42459,62.29681,333.8,0.44,0.38,2026-09-01,0902,N21,nominal,2.0NRT,306.64,2,D
38.05171,67.2636,344.64,0.5,0.49,2026-09-01,0902,N21,nominal,2.0NRT,315.91,9.71,D
37.49885,61.84623,337.78,0.42,0.38,2026-09-01,0902,N21,low,2.0NRT,310.41,2.29,D
37.98449,65.37023,353.45,0.4,0.44,2026-09-01,0902,N21,nominal,2.0NRT,313.44,15.93,D
37.61154,61.60662,341.52,0.42,0.38,2026-09-01,0902,N21,low,2.0NRT,312.82,3.55,D
37.54356,60.54933,342.37,0.4,0.37,2026-09-01,0902,N21,low,2.0NRT,317.15,20.58,D
37.55021,60.54786,347.08,0.4,0.37,2026-09-01,0902,N21,nominal,2.0NRT,315.07,16.83,D
37.63329,60.3399,335.6,0.39,0.36,2026-09-01,0902,N21,low,2.0NRT,309.67,3.23,D
37.72156,60.60393,337.33,0.4,0.37,2026-09-01,0902,N21,low,2.0NRT,311.68,2.46,D
37.77594,60.07283,346.52,0.39,0.36,2026-09-01,0902,N21,nominal,2.0NRT,315.92,7.76,D
37.89705,58.51111,347.45,0.38,0.36,2026-09-01,0902,N21,nominal,2.0NRT,309.53,4.2,D
37.89637,58.50679,344.02,0.38,0.36,2026-09-01,0902,N21,nominal,2.0NRT,308.91,4.2,D
38.90035,66.73603,340.06,0.48,0.48,2026-09-01,0902,N21,nominal,2.0NRT,307.35,4.39,D
38.8999,66.73057,332.87,0.48,0.48,2026-09-01,0902,N21,nominal,2.0NRT,306.14,4.39,D
38.04286,58.59322,338.91,0.38,0.36,2026-09-01,0902,N21,low,2.0NRT,312.18,4.57,D
38.06975,58.61347,340.56,0.38,0.36,2026-09-01,0902,N21,low,2.0NRT,312.29,3.24,D
38.25678,58.38878,340.28,0.38,0.36,2026-09-01,0902,N21,low,2.0NRT,313.19,6.58,D
39.27614,56.28022,347.38,0.41,0.37,2026-09-01,0902,N21,nominal,2.0NRT,313.34,14.48,D
39.28028,56.28389,337.01,0.41,0.37,2026-09-01,0902,N21,nominal,2.0NRT,306.89,14.48,D
39.28362,56.28294,346.86,0.41,0.37,2026-09-01,0902,N21,nominal,2.0NRT,306.56,3.71,D
